observation_date,observation_count,one_week_ago,delta_one_week_ago,two_week_ago,delta_two_week_ago,three_week_ago,delta_three_week_ago,four_week_ago,delta_four_week_ago,five_week_ago,delta_five_week_ago,one_year_ago,one_year_ago_delta,one_year_one_week_ago,one_year_one_week_ago_delta,one_year_two_week_ago,one_year_two_week_ago_delta,one_year_three_week_ago,one_year_three_week_ago_delta,week_num,year_num,status,month
2011-04-24,69.5,113.0,-32.0,145.0,145.0,0.0,0.0,0.0,0.0,0.0,0.0,27.0,-16.0,43.0,26.0,17.0,16.0,17.0,16.0,16.0,2011.0,past,2011-04
2011-05-01,9.0,69.5,-43.5,113.0,-32.0,145.0,145.0,0.0,0.0,0.0,0.0,6.0,-21.0,27.0,-16.0,43.0,26.0,43.0,26.0,17.0,2011.0,past,2011-05
2011-05-08,0.0,9.0,-60.5,69.5,-43.5,113.0,-32.0,145.0,145.0,0.0,0.0,0.0,-6.0,6.0,-21.0,27.0,-16.0,27.0,-16.0,18.0,2011.0,past,2011-05
2011-05-15,0.0,0.0,-9.0,9.0,-60.5,69.5,-43.5,113.0,-32.0,145.0,145.0,1.0,1.0,0.0,-6.0,6.0,-21.0,6.0,-21.0,19.0,2011.0,past,2011-05
2011-05-22,0.0,0.0,0.0,0.0,-9.0,9.0,-60.5,69.5,-43.5,113.0,-32.0,0.0,-1.0,1.0,1.0,0.0,-6.0,0.0,-6.0,20.0,2011.0,past,2011-05
2011-05-29,0.0,0.0,0.0,0.0,0.0,0.0,-9.0,9.0,-60.5,69.5,-43.5,0.0,0.0,0.0,-1.0,1.0,1.0,1.0,1.0,21.0,2011.0,past,2011-05
2011-06-05,0.0,0.0,0.0,0.0,0.0,0.0,0.0,0.0,-9.0,9.0,-60.5,0.0,0.0,0.0,0.0,0.0,-1.0,0.0,-1.0,22.0,2011.0,past,2011-06
2011-06-12,0.0,0.0,0.0,0.0,0.0,0.0,0.0,0.0,0.0,0.0,-9.0,0.0,0.0,0.0,0.0,0.0,0.0,0.0,0.0,23.0,2011.0,past,2011-06
2011-06-19,0.0,0.0,0.0,0.0,0.0,0.0,0.0,0.0,0.0,0.0,0.0,0.0,0.0,0.0,0.0,0.0,0.0,0.0,0.0,24.0,2011.0,past,2011-06
2011-06-26,0.0,0.0,0.0,0.0,0.0,0.0,0.0,0.0,0.0,0.0,0.0,0.0,0.0,0.0,0.0,0.0,0.0,0.0,0.0,25.0,2011.0,past,2011-06
2011-07-03,0.0,0.0,0.0,0.0,0.0,0.0,0.0,0.0,0.0,0.0,0.0,0.0,0.0,0.0,0.0,0.0,0.0,0.0,0.0,26.0,2011.0,past,2011-07
2011-07-10,0.0,0.0,0.0,0.0,0.0,0.0,0.0,0.0,0.0,0.0,0.0,0.0,0.0,0.0,0.0,0.0,0.0,0.0,0.0,27.0,2011.0,past,2011-07
2011-07-17,0.0,0.0,0.0,0.0,0.0,0.0,0.0,0.0,0.0,0.0,0.0,0.0,0.0,0.0,0.0,0.0,0.0,0.0,0.0,28.0,2011.0,past,2011-07
2011-07-24,0.0,0.0,0.0,0.0,0.0,0.0,0.0,0.0,0.0,0.0,0.0,0.0,0.0,0.0,0.0,0.0,0.0,0.0,0.0,29.0,2011.0,past,2011-07
2011-07-31,0.0,0.0,0.0,0.0,0.0,0.0,0.0,0.0,0.0,0.0,0.0,0.0,0.0,0.0,0.0,0.0,0.0,0.0,0.0,30.0,2011.0,past,2011-07
2011-08-07,0.0,0.0,0.0,0.0,0.0,0.0,0.0,0.0,0.0,0.0,0.0,0.0,0.0,0.0,0.0,0.0,0.0,0.0,0.0,31.0,2011.0,past,2011-08
2011-08-14,0.0,0.0,0.0,0.0,0.0,0.0,0.0,0.0,0.0,0.0,0.0,0.0,0.0,0.0,0.0,0.0,0.0,0.0,0.0,32.0,2011.0,past,2011-08
2011-08-21,0.0,0.0,0.0,0.0,0.0,0.0,0.0,0.0,0.0,0.0,0.0,0.0,0.0,0.0,0.0,0.0,0.0,0.0,0.0,33.0,2011.0,past,2011-08
2011-08-28,0.0,0.0,0.0,0.0,0.0,0.0,0.0,0.0,0.0,0.0,0.0,2.0,2.0,0.0,0.0,0.0,0.0,0.0,0.0,34.0,2011.0,past,2011-08
2011-09-04,0.0,0.0,0.0,0.0,0.0,0.0,0.0,0.0,0.0,0.0,0.0,0.0,-2.0,2.0,2.0,0.0,0.0,0.0,0.0,35.0,2011.0,past,2011-09
2011-09-11,0.0,0.0,0.0,0.0,0.0,0.0,0.0,0.0,0.0,0.0,0.0,10.0,10.0,0.0,-2.0,2.0,2.0,2.0,2.0,36.0,2011.0,past,2011-09
2011-09-18,10.0,0.0,0.0,0.0,0.0,0.0,0.0,0.0,0.0,0.0,0.0,8.0,-2.0,10.0,10.0,0.0,-2.0,0.0,-2.0,37.0,2011.0,past,2011-09
2011-09-25,9.0,10.0,10.0,0.0,0.0,0.0,0.0,0.0,0.0,0.0,0.0,31.0,23.0,8.0,-2.0,10.0,10.0,10.0,10.0,38.0,2011.0,past,2011-09
2011-10-02,19.0,9.0,-1.0,10.0,10.0,0.0,0.0,0.0,0.0,0.0,0.0,64.0,33.0,31.0,23.0,8.0,-2.0,8.0,-2.0,39.0,2011.0,past,2011-10
2011-10-09,83.5,19.0,10.0,9.0,-1.0,10.0,10.0,0.0,0.0,0.0,0.0,114.5,50.5,64.0,33.0,31.0,23.0,31.0,23.0,40.0,2011.0,past,2011-10
2011-10-16,47.0,83.5,64.5,19.0,10.0,9.0,-1.0,10.0,10.0,0.0,0.0,48.0,-66.5,114.5,50.5,64.0,33.0,64.0,33.0,41.0,2011.0,past,2011-10
2011-10-23,55.0,47.0,-36.5,83.5,64.5,19.0,10.0,9.0,-1.0,10.0,10.0,127.0,79.0,48.0,-66.5,114.5,50.5,114.5,50.5,42.0,2011.0,past,2011-10
2011-10-30,39.0,55.0,8.0,47.0,-36.5,83.5,64.5,19.0,10.0,9.0,-1.0,64.0,-63.0,127.0,79.0,48.0,-66.5,48.0,-66.5,43.0,2011.0,past,2011-10
2011-11-06,50.0,39.0,-16.0,55.0,8.0,47.0,-36.5,83.5,64.5,19.0,10.0,15.5,-48.5,64.0,-63.0,127.0,79.0,127.0,79.0,44.0,2011.0,past,2011-11
2011-11-13,1.0,50.0,11.0,39.0,-16.0,55.0,8.0,47.0,-36.5,83.5,64.5,4.0,-11.5,15.5,-48.5,64.0,-63.0,64.0,-63.0,45.0,2011.0,past,2011-11
2011-11-20,0.0,1.0,-49.0,50.0,11.0,39.0,-16.0,55.0,8.0,47.0,-36.5,0.0,-4.0,4.0,-11.5,15.5,-48.5,15.5,-48.5,46.0,2011.0,past,2011-11
2011-11-27,0.0,0.0,-1.0,1.0,-49.0,50.0,11.0,39.0,-16.0,55.0,8.0,0.0,0.0,0.0,-4.0,4.0,-11.5,4.0,-11.5,47.0,2011.0,past,2011-11
2011-12-04,0.0,0.0,0.0,0.0,-1.0,1.0,-49.0,50.0,11.0,39.0,-16.0,0.0,0.0,0.0,0.0,0.0,-4.0,0.0,-4.0,48.0,2011.0,past,2011-12
2011-12-11,0.0,0.0,0.0,0.0,0.0,0.0,-1.0,1.0,-49.0,50.0,11.0,0.0,0.0,0.0,0.0,0.0,0.0,0.0,0.0,49.0,2011.0,past,2011-12
2011-12-18,0.0,0.0,0.0,0.0,0.0,0.0,0.0,0.0,-1.0,1.0,-49.0,0.0,0.0,0.0,0.0,0.0,0.0,0.0,0.0,50.0,2011.0,past,2011-12
2011-12-25,0.0,0.0,0.0,0.0,0.0,0.0,0.0,0.0,0.0,0.0,-1.0,0.0,0.0,0.0,0.0,0.0,0.0,0.0,0.0,51.0,2011.0,past,2011-12
2012-01-01,0.0,0.0,0.0,0.0,0.0,0.0,0.0,0.0,0.0,0.0,0.0,0.0,0.0,0.0,0.0,0.0,0.0,0.0,0.0,52.0,2012.0,past,2012-01
2012-01-08,0.0,0.0,0.0,0.0,0.0,0.0,0.0,0.0,0.0,0.0,0.0,0.0,0.0,0.0,0.0,0.0,0.0,0.0,0.0,1.0,2012.0,past,2012-01
2012-01-15,0.0,0.0,0.0,0.0,0.0,0.0,0.0,0.0,0.0,0.0,0.0,0.0,0.0,0.0,0.0,0.0,0.0,0.0,0.0,2.0,2012.0,past,2012-01
2012-01-22,0.0,0.0,0.0,0.0,0.0,0.0,0.0,0.0,0.0,0.0,0.0,0.0,0.0,0.0,0.0,0.0,0.0,0.0,0.0,3.0,2012.0,past,2012-01
2012-01-29,0.0,0.0,0.0,0.0,0.0,0.0,0.0,0.0,0.0,0.0,0.0,0.0,0.0,0.0,0.0,0.0,0.0,0.0,0.0,4.0,2012.0,past,2012-01
2012-02-05,0.0,0.0,0.0,0.0,0.0,0.0,0.0,0.0,0.0,0.0,0.0,0.0,0.0,0.0,0.0,0.0,0.0,0.0,0.0,5.0,2012.0,past,2012-02
2012-02-12,0.0,0.0,0.0,0.0,0.0,0.0,0.0,0.0,0.0,0.0,0.0,0.0,0.0,0.0,0.0,0.0,0.0,0.0,0.0,6.0,2012.0,past,2012-02
2012-02-19,0.0,0.0,0.0,0.0,0.0,0.0,0.0,0.0,0.0,0.0,0.0,0.0,0.0,0.0,0.0,0.0,0.0,0.0,0.0,7.0,2012.0,past,2012-02
2012-02-26,0.0,0.0,0.0,0.0,0.0,0.0,0.0,0.0,0.0,0.0,0.0,0.0,0.0,0.0,0.0,0.0,0.0,0.0,0.0,8.0,2012.0,past,2012-02
2012-03-04,0.0,0.0,0.0,0.0,0.0,0.0,0.0,0.0,0.0,0.0,0.0,0.0,0.0,0.0,0.0,0.0,0.0,0.0,0.0,9.0,2012.0,past,2012-03
2012-03-11,0.0,0.0,0.0,0.0,0.0,0.0,0.0,0.0,0.0,0.0,0.0,0.0,0.0,0.0,0.0,0.0,0.0,0.0,0.0,10.0,2012.0,past,2012-03
2012-03-18,0.0,0.0,0.0,0.0,0.0,0.0,0.0,0.0,0.0,0.0,0.0,0.0,0.0,0.0,0.0,0.0,0.0,0.0,0.0,11.0,2012.0,past,2012-03
2012-03-25,0.0,0.0,0.0,0.0,0.0,0.0,0.0,0.0,0.0,0.0,0.0,0.0,0.0,0.0,0.0,0.0,0.0,0.0,0.0,12.0,2012.0,past,2012-03
2012-04-01,38.0,0.0,0.0,0.0,0.0,0.0,0.0,0.0,0.0,0.0,0.0,0.0,0.0,0.0,0.0,0.0,0.0,0.0,0.0,13.0,2012.0,past,2012-04
2012-04-08,119.0,38.0,38.0,0.0,0.0,0.0,0.0,0.0,0.0,0.0,0.0,145.0,145.0,0.0,0.0,0.0,0.0,0.0,0.0,14.0,2012.0,past,2012-04
2012-04-15,88.0,119.0,81.0,38.0,38.0,0.0,0.0,0.0,0.0,0.0,0.0,113.0,-32.0,145.0,145.0,0.0,0.0,0.0,0.0,15.0,2012.0,past,2012-04
2012-04-22,10.0,88.0,-31.0,119.0,81.0,38.0,38.0,0.0,0.0,0.0,0.0,69.5,-43.5,113.0,-32.0,145.0,145.0,145.0,145.0,16.0,2012.0,past,2012-04
2012-04-29,17.0,10.0,-78.0,88.0,-31.0,119.0,81.0,38.0,38.0,0.0,0.0,9.0,-60.5,69.5,-43.5,113.0,-32.0,113.0,-32.0,17.0,2012.0,past,2012-04
2012-05-06,7.0,17.0,7.0,10.0,-78.0,88.0,-31.0,119.0,81.0,38.0,38.0,0.0,-9.0,9.0,-60.5,69.5,-43.5,69.5,-43.5,18.0,2012.0,past,2012-05
2012-05-13,0.0,7.0,-10.0,17.0,7.0,10.0,-78.0,88.0,-31.0,119.0,81.0,0.0,0.0,0.0,-9.0,9.0,-60.5,9.0,-60.5,19.0,2012.0,past,2012-05
2012-05-20,0.0,0.0,-7.0,7.0,-10.0,17.0,7.0,10.0,-78.0,88.0,-31.0,0.0,0.0,0.0,0.0,0.0,-9.0,0.0,-9.0,20.0,2012.0,past,2012-05
2012-05-27,0.0,0.0,0.0,0.0,-7.0,7.0,-10.0,17.0,7.0,10.0,-78.0,0.0,0.0,0.0,0.0,0.0,0.0,0.0,0.0,21.0,2012.0,past,2012-05
2012-06-03,0.0,0.0,0.0,0.0,0.0,0.0,-7.0,7.0,-10.0,17.0,7.0,0.0,0.0,0.0,0.0,0.0,0.0,0.0,0.0,22.0,2012.0,past,2012-06
2012-06-10,0.0,0.0,0.0,0.0,0.0,0.0,0.0,0.0,-7.0,7.0,-10.0,0.0,0.0,0.0,0.0,0.0,0.0,0.0,0.0,23.0,2012.0,past,2012-06
2012-06-17,0.0,0.0,0.0,0.0,0.0,0.0,0.0,0.0,0.0,0.0,-7.0,0.0,0.0,0.0,0.0,0.0,0.0,0.0,0.0,24.0,2012.0,past,2012-06
2012-06-24,0.0,0.0,0.0,0.0,0.0,0.0,0.0,0.0,0.0,0.0,0.0,0.0,0.0,0.0,0.0,0.0,0.0,0.0,0.0,25.0,2012.0,past,2012-06
2012-07-01,0.0,0.0,0.0,0.0,0.0,0.0,0.0,0.0,0.0,0.0,0.0,0.0,0.0,0.0,0.0,0.0,0.0,0.0,0.0,26.0,2012.0,past,2012-07
2012-07-08,0.0,0.0,0.0,0.0,0.0,0.0,0.0,0.0,0.0,0.0,0.0,0.0,0.0,0.0,0.0,0.0,0.0,0.0,0.0,27.0,2012.0,past,2012-07
2012-07-15,0.0,0.0,0.0,0.0,0.0,0.0,0.0,0.0,0.0,0.0,0.0,0.0,0.0,0.0,0.0,0.0,0.0,0.0,0.0,28.0,2012.0,past,2012-07
2012-07-22,0.0,0.0,0.0,0.0,0.0,0.0,0.0,0.0,0.0,0.0,0.0,0.0,0.0,0.0,0.0,0.0,0.0,0.0,0.0,29.0,2012.0,past,2012-07
2012-07-29,0.0,0.0,0.0,0.0,0.0,0.0,0.0,0.0,0.0,0.0,0.0,0.0,0.0,0.0,0.0,0.0,0.0,0.0,0.0,30.0,2012.0,past,2012-07
2012-08-05,0.0,0.0,0.0,0.0,0.0,0.0,0.0,0.0,0.0,0.0,0.0,0.0,0.0,0.0,0.0,0.0,0.0,0.0,0.0,31.0,2012.0,past,2012-08
2012-08-12,0.0,0.0,0.0,0.0,0.0,0.0,0.0,0.0,0.0,0.0,0.0,0.0,0.0,0.0,0.0,0.0,0.0,0.0,0.0,32.0,2012.0,past,2012-08
2012-08-19,0.0,0.0,0.0,0.0,0.0,0.0,0.0,0.0,0.0,0.0,0.0,0.0,0.0,0.0,0.0,0.0,0.0,0.0,0.0,33.0,2012.0,past,2012-08
2012-08-26,0.0,0.0,0.0,0.0,0.0,0.0,0.0,0.0,0.0,0.0,0.0,0.0,0.0,0.0,0.0,0.0,0.0,0.0,0.0,34.0,2012.0,past,2012-08
2012-09-02,0.0,0.0,0.0,0.0,0.0,0.0,0.0,0.0,0.0,0.0,0.0,0.0,0.0,0.0,0.0,0.0,0.0,0.0,0.0,35.0,2012.0,past,2012-09
2012-09-09,4.0,0.0,0.0,0.0,0.0,0.0,0.0,0.0,0.0,0.0,0.0,0.0,0.0,0.0,0.0,0.0,0.0,0.0,0.0,36.0,2012.0,past,2012-09
2012-09-16,77.0,4.0,4.0,0.0,0.0,0.0,0.0,0.0,0.0,0.0,0.0,10.0,10.0,0.0,0.0,0.0,0.0,0.0,0.0,37.0,2012.0,past,2012-09
2012-09-23,8.0,77.0,73.0,4.0,4.0,0.0,0.0,0.0,0.0,0.0,0.0,9.0,-1.0,10.0,10.0,0.0,0.0,0.0,0.0,38.0,2012.0,past,2012-09
2012-09-30,78.0,8.0,-69.0,77.0,73.0,4.0,4.0,0.0,0.0,0.0,0.0,19.0,10.0,9.0,-1.0,10.0,10.0,10.0,10.0,39.0,2012.0,past,2012-09
2012-10-07,48.5,78.0,70.0,8.0,-69.0,77.0,73.0,4.0,4.0,0.0,0.0,83.5,64.5,19.0,10.0,9.0,-1.0,9.0,-1.0,40.0,2012.0,past,2012-10
2012-10-14,117.0,48.5,-29.5,78.0,70.0,8.0,-69.0,77.0,73.0,4.0,4.0,47.0,-36.5,83.5,64.5,19.0,10.0,19.0,10.0,41.0,2012.0,past,2012-10
2012-10-21,154.0,117.0,68.5,48.5,-29.5,78.0,70.0,8.0,-69.0,77.0,73.0,55.0,8.0,47.0,-36.5,83.5,64.5,83.5,64.5,42.0,2012.0,past,2012-10
2012-10-28,20.0,154.0,37.0,117.0,68.5,48.5,-29.5,78.0,70.0,8.0,-69.0,39.0,-16.0,55.0,8.0,47.0,-36.5,47.0,-36.5,43.0,2012.0,past,2012-10
2012-11-04,3.0,20.0,-134.0,154.0,37.0,117.0,68.5,48.5,-29.5,78.0,70.0,50.0,11.0,39.0,-16.0,55.0,8.0,55.0,8.0,44.0,2012.0,past,2012-11
2012-11-11,6.0,3.0,-17.0,20.0,-134.0,154.0,37.0,117.0,68.5,48.5,-29.5,1.0,-49.0,50.0,11.0,39.0,-16.0,39.0,-16.0,45.0,2012.0,past,2012-11
2012-11-18,0.0,6.0,3.0,3.0,-17.0,20.0,-134.0,154.0,37.0,117.0,68.5,0.0,-1.0,1.0,-49.0,50.0,11.0,50.0,11.0,46.0,2012.0,past,2012-11
2012-11-25,0.0,0.0,-6.0,6.0,3.0,3.0,-17.0,20.0,-134.0,154.0,37.0,0.0,0.0,0.0,-1.0,1.0,-49.0,1.0,-49.0,47.0,2012.0,past,2012-11
2012-12-02,1.0,0.0,0.0,0.0,-6.0,6.0,3.0,3.0,-17.0,20.0,-134.0,0.0,0.0,0.0,0.0,0.0,-1.0,0.0,-1.0,48.0,2012.0,past,2012-12
2012-12-09,0.0,1.0,1.0,0.0,0.0,0.0,-6.0,6.0,3.0,3.0,-17.0,0.0,0.0,0.0,0.0,0.0,0.0,0.0,0.0,49.0,2012.0,past,2012-12
2012-12-16,1.0,0.0,-1.0,1.0,1.0,0.0,0.0,0.0,-6.0,6.0,3.0,0.0,0.0,0.0,0.0,0.0,0.0,0.0,0.0,50.0,2012.0,past,2012-12
2012-12-23,0.0,1.0,1.0,0.0,-1.0,1.0,1.0,0.0,0.0,0.0,-6.0,0.0,0.0,0.0,0.0,0.0,0.0,0.0,0.0,51.0,2012.0,past,2012-12
2012-12-30,0.0,0.0,-1.0,1.0,1.0,0.0,-1.0,1.0,1.0,0.0,0.0,0.0,0.0,0.0,0.0,0.0,0.0,0.0,0.0,52.0,2012.0,past,2012-12
2013-02-24,0.0,0.0,0.0,0.0,0.0,0.0,0.0,0.0,0.0,0.0,0.0,0.0,0.0,0.0,0.0,0.0,0.0,0.0,0.0,8.0,2013.0,past,2013-02
2013-03-03,0.0,0.0,0.0,0.0,0.0,0.0,0.0,0.0,0.0,0.0,0.0,0.0,0.0,0.0,0.0,0.0,0.0,0.0,0.0,9.0,2013.0,past,2013-03
2013-03-10,0.0,0.0,0.0,0.0,0.0,0.0,0.0,0.0,0.0,0.0,0.0,0.0,0.0,0.0,0.0,0.0,0.0,0.0,0.0,10.0,2013.0,past,2013-03
2013-03-17,0.0,0.0,0.0,0.0,0.0,0.0,0.0,0.0,0.0,0.0,0.0,0.0,0.0,0.0,0.0,0.0,0.0,0.0,0.0,11.0,2013.0,past,2013-03
2013-03-24,0.0,0.0,0.0,0.0,0.0,0.0,0.0,0.0,0.0,0.0,0.0,0.0,0.0,0.0,0.0,0.0,0.0,0.0,0.0,12.0,2013.0,past,2013-03
2013-03-31,0.0,0.0,0.0,0.0,0.0,0.0,0.0,0.0,0.0,0.0,0.0,38.0,38.0,0.0,0.0,0.0,0.0,0.0,0.0,13.0,2013.0,past,2013-03
2013-04-07,0.0,0.0,0.0,0.0,0.0,0.0,0.0,0.0,0.0,0.0,0.0,119.0,81.0,38.0,38.0,0.0,0.0,0.0,0.0,14.0,2013.0,past,2013-04
2013-04-14,11.0,0.0,0.0,0.0,0.0,0.0,0.0,0.0,0.0,0.0,0.0,88.0,-31.0,119.0,81.0,38.0,38.0,38.0,38.0,15.0,2013.0,past,2013-04
2013-04-21,161.0,11.0,11.0,0.0,0.0,0.0,0.0,0.0,0.0,0.0,0.0,10.0,-78.0,88.0,-31.0,119.0,81.0,119.0,81.0,16.0,2013.0,past,2013-04
2013-04-28,112.0,161.0,150.0,11.0,11.0,0.0,0.0,0.0,0.0,0.0,0.0,17.0,7.0,10.0,-78.0,88.0,-31.0,88.0,-31.0,17.0,2013.0,past,2013-04
2013-05-05,80.0,112.0,-49.0,161.0,150.0,11.0,11.0,0.0,0.0,0.0,0.0,7.0,-10.0,17.0,7.0,10.0,-78.0,10.0,-78.0,18.0,2013.0,past,2013-05
2013-05-12,4.0,80.0,-32.0,112.0,-49.0,161.0,150.0,11.0,11.0,0.0,0.0,0.0,-7.0,7.0,-10.0,17.0,7.0,17.0,7.0,19.0,2013.0,past,2013-05
2013-05-19,8.0,4.0,-76.0,80.0,-32.0,112.0,-49.0,161.0,150.0,11.0,11.0,0.0,0.0,0.0,-7.0,7.0,-10.0,7.0,-10.0,20.0,2013.0,past,2013-05
2013-05-26,4.0,8.0,4.0,4.0,-76.0,80.0,-32.0,112.0,-49.0,161.0,150.0,0.0,0.0,0.0,0.0,0.0,-7.0,0.0,-7.0,21.0,2013.0,past,2013-05
2013-06-02,0.0,4.0,-4.0,8.0,4.0,4.0,-76.0,80.0,-32.0,112.0,-49.0,0.0,0.0,0.0,0.0,0.0,0.0,0.0,0.0,22.0,2013.0,past,2013-06
2013-06-09,0.0,0.0,-4.0,4.0,-4.0,8.0,4.0,4.0,-76.0,80.0,-32.0,0.0,0.0,0.0,0.0,0.0,0.0,0.0,0.0,23.0,2013.0,past,2013-06
2013-06-16,0.0,0.0,0.0,0.0,-4.0,4.0,-4.0,8.0,4.0,4.0,-76.0,0.0,0.0,0.0,0.0,0.0,0.0,0.0,0.0,24.0,2013.0,past,2013-06
2013-06-23,0.0,0.0,0.0,0.0,0.0,0.0,-4.0,4.0,-4.0,8.0,4.0,0.0,0.0,0.0,0.0,0.0,0.0,0.0,0.0,25.0,2013.0,past,2013-06
2013-06-30,0.0,0.0,0.0,0.0,0.0,0.0,0.0,0.0,-4.0,4.0,-4.0,0.0,0.0,0.0,0.0,0.0,0.0,0.0,0.0,26.0,2013.0,past,2013-06
2013-07-07,0.0,0.0,0.0,0.0,0.0,0.0,0.0,0.0,0.0,0.0,-4.0,0.0,0.0,0.0,0.0,0.0,0.0,0.0,0.0,27.0,2013.0,past,2013-07
2013-07-14,0.0,0.0,0.0,0.0,0.0,0.0,0.0,0.0,0.0,0.0,0.0,0.0,0.0,0.0,0.0,0.0,0.0,0.0,0.0,28.0,2013.0,past,2013-07
2013-07-21,0.0,0.0,0.0,0.0,0.0,0.0,0.0,0.0,0.0,0.0,0.0,0.0,0.0,0.0,0.0,0.0,0.0,0.0,0.0,29.0,2013.0,past,2013-07
2013-07-28,0.0,0.0,0.0,0.0,0.0,0.0,0.0,0.0,0.0,0.0,0.0,0.0,0.0,0.0,0.0,0.0,0.0,0.0,0.0,30.0,2013.0,past,2013-07
2013-08-04,0.0,0.0,0.0,0.0,0.0,0.0,0.0,0.0,0.0,0.0,0.0,0.0,0.0,0.0,0.0,0.0,0.0,0.0,0.0,31.0,2013.0,past,2013-08
2013-08-11,0.0,0.0,0.0,0.0,0.0,0.0,0.0,0.0,0.0,0.0,0.0,0.0,0.0,0.0,0.0,0.0,0.0,0.0,0.0,32.0,2013.0,past,2013-08
2013-08-18,0.0,0.0,0.0,0.0,0.0,0.0,0.0,0.0,0.0,0.0,0.0,0.0,0.0,0.0,0.0,0.0,0.0,0.0,0.0,33.0,2013.0,past,2013-08
2013-08-25,0.0,0.0,0.0,0.0,0.0,0.0,0.0,0.0,0.0,0.0,0.0,0.0,0.0,0.0,0.0,0.0,0.0,0.0,0.0,34.0,2013.0,past,2013-08
2013-09-01,0.0,0.0,0.0,0.0,0.0,0.0,0.0,0.0,0.0,0.0,0.0,0.0,0.0,0.0,0.0,0.0,0.0,0.0,0.0,35.0,2013.0,past,2013-09
2013-09-08,0.0,0.0,0.0,0.0,0.0,0.0,0.0,0.0,0.0,0.0,0.0,4.0,4.0,0.0,0.0,0.0,0.0,0.0,0.0,36.0,2013.0,past,2013-09
2013-09-15,0.0,0.0,0.0,0.0,0.0,0.0,0.0,0.0,0.0,0.0,0.0,77.0,73.0,4.0,4.0,0.0,0.0,0.0,0.0,37.0,2013.0,past,2013-09
2013-09-22,10.0,0.0,0.0,0.0,0.0,0.0,0.0,0.0,0.0,0.0,0.0,8.0,-69.0,77.0,73.0,4.0,4.0,4.0,4.0,38.0,2013.0,past,2013-09
2013-09-29,14.0,10.0,10.0,0.0,0.0,0.0,0.0,0.0,0.0,0.0,0.0,78.0,70.0,8.0,-69.0,77.0,73.0,77.0,73.0,39.0,2013.0,past,2013-09
2013-10-06,49.0,14.0,4.0,10.0,10.0,0.0,0.0,0.0,0.0,0.0,0.0,48.5,-29.5,78.0,70.0,8.0,-69.0,8.0,-69.0,40.0,2013.0,past,2013-10
2013-10-13,53.0,49.0,35.0,14.0,4.0,10.0,10.0,0.0,0.0,0.0,0.0,117.0,68.5,48.5,-29.5,78.0,70.0,78.0,70.0,41.0,2013.0,past,2013-10
2013-10-20,136.0,53.0,4.0,49.0,35.0,14.0,4.0,10.0,10.0,0.0,0.0,154.0,37.0,117.0,68.5,48.5,-29.5,48.5,-29.5,42.0,2013.0,past,2013-10
2013-10-27,69.0,136.0,83.0,53.0,4.0,49.0,35.0,14.0,4.0,10.0,10.0,20.0,-134.0,154.0,37.0,117.0,68.5,117.0,68.5,43.0,2013.0,past,2013-10
2013-11-03,110.0,69.0,-67.0,136.0,83.0,53.0,4.0,49.0,35.0,14.0,4.0,3.0,-17.0,20.0,-134.0,154.0,37.0,154.0,37.0,44.0,2013.0,past,2013-11
2013-11-10,21.0,110.0,41.0,69.0,-67.0,136.0,83.0,53.0,4.0,49.0,35.0,6.0,3.0,3.0,-17.0,20.0,-134.0,20.0,-134.0,45.0,2013.0,past,2013-11
2013-11-17,0.0,21.0,-89.0,110.0,41.0,69.0,-67.0,136.0,83.0,53.0,4.0,0.0,-6.0,6.0,3.0,3.0,-17.0,3.0,-17.0,46.0,2013.0,past,2013-11
2013-11-24,3.0,0.0,-21.0,21.0,-89.0,110.0,41.0,69.0,-67.0,136.0,83.0,0.0,0.0,0.0,-6.0,6.0,3.0,6.0,3.0,47.0,2013.0,past,2013-11
2013-12-01,0.0,3.0,3.0,0.0,-21.0,21.0,-89.0,110.0,41.0,69.0,-67.0,1.0,1.0,0.0,0.0,0.0,-6.0,0.0,-6.0,48.0,2013.0,past,2013-12
2013-12-08,0.0,0.0,-3.0,3.0,3.0,0.0,-21.0,21.0,-89.0,110.0,41.0,0.0,-1.0,1.0,1.0,0.0,0.0,0.0,0.0,49.0,2013.0,past,2013-12
2013-12-15,0.0,0.0,0.0,0.0,-3.0,3.0,3.0,0.0,-21.0,21.0,-89.0,1.0,1.0,0.0,-1.0,1.0,1.0,1.0,1.0,50.0,2013.0,past,2013-12
2013-12-22,0.0,0.0,0.0,0.0,0.0,0.0,-3.0,3.0,3.0,0.0,-21.0,0.0,-1.0,1.0,1.0,0.0,-1.0,0.0,-1.0,51.0,2013.0,past,2013-12
2013-12-29,1.0,0.0,0.0,0.0,0.0,0.0,0.0,0.0,-3.0,3.0,3.0,0.0,0.0,0.0,-1.0,1.0,1.0,1.0,1.0,52.0,2013.0,past,2013-12
2014-02-02,0.0,0.0,0.0,0.0,-1.0,1.0,1.0,0.0,-1.0,1.0,1.0,0.0,0.0,0.0,0.0,0.0,0.0,0.0,0.0,5.0,2014.0,past,2014-02
2014-02-09,0.0,0.0,0.0,0.0,0.0,0.0,-1.0,1.0,1.0,0.0,-1.0,0.0,0.0,0.0,0.0,0.0,0.0,0.0,0.0,6.0,2014.0,past,2014-02
2014-02-16,0.0,0.0,0.0,0.0,0.0,0.0,0.0,0.0,-1.0,1.0,1.0,0.0,0.0,0.0,0.0,0.0,0.0,0.0,0.0,7.0,2014.0,past,2014-02
2014-02-23,0.0,0.0,0.0,0.0,0.0,0.0,0.0,0.0,0.0,0.0,-1.0,0.0,0.0,0.0,0.0,0.0,0.0,0.0,0.0,8.0,2014.0,past,2014-02
2014-03-02,0.0,0.0,0.0,0.0,0.0,0.0,0.0,0.0,0.0,0.0,0.0,0.0,0.0,0.0,0.0,0.0,0.0,0.0,0.0,9.0,2014.0,past,2014-03
2014-03-09,0.0,0.0,0.0,0.0,0.0,0.0,0.0,0.0,0.0,0.0,0.0,0.0,0.0,0.0,0.0,0.0,0.0,0.0,0.0,10.0,2014.0,past,2014-03
2014-03-16,0.0,0.0,0.0,0.0,0.0,0.0,0.0,0.0,0.0,0.0,0.0,0.0,0.0,0.0,0.0,0.0,0.0,0.0,0.0,11.0,2014.0,past,2014-03
2014-03-23,0.0,0.0,0.0,0.0,0.0,0.0,0.0,0.0,0.0,0.0,0.0,0.0,0.0,0.0,0.0,0.0,0.0,0.0,0.0,12.0,2014.0,past,2014-03
2014-03-30,0.0,0.0,0.0,0.0,0.0,0.0,0.0,0.0,0.0,0.0,0.0,0.0,0.0,0.0,0.0,0.0,0.0,0.0,0.0,13.0,2014.0,past,2014-03
2014-04-06,0.0,0.0,0.0,0.0,0.0,0.0,0.0,0.0,0.0,0.0,0.0,0.0,0.0,0.0,0.0,0.0,0.0,0.0,0.0,14.0,2014.0,past,2014-04
2014-04-13,3.0,0.0,0.0,0.0,0.0,0.0,0.0,0.0,0.0,0.0,0.0,11.0,11.0,0.0,0.0,0.0,0.0,0.0,0.0,15.0,2014.0,past,2014-04
2014-04-20,150.5,3.0,3.0,0.0,0.0,0.0,0.0,0.0,0.0,0.0,0.0,161.0,150.0,11.0,11.0,0.0,0.0,0.0,0.0,16.0,2014.0,past,2014-04
2014-04-27,84.0,150.5,147.5,3.0,3.0,0.0,0.0,0.0,0.0,0.0,0.0,112.0,-49.0,161.0,150.0,11.0,11.0,11.0,11.0,17.0,2014.0,past,2014-04
2014-05-04,132.5,84.0,-66.5,150.5,147.5,3.0,3.0,0.0,0.0,0.0,0.0,80.0,-32.0,112.0,-49.0,161.0,150.0,161.0,150.0,18.0,2014.0,past,2014-05
2014-05-11,90.0,132.5,48.5,84.0,-66.5,150.5,147.5,3.0,3.0,0.0,0.0,4.0,-76.0,80.0,-32.0,112.0,-49.0,112.0,-49.0,19.0,2014.0,past,2014-05
2014-05-18,9.0,90.0,-42.5,132.5,48.5,84.0,-66.5,150.5,147.5,3.0,3.0,8.0,4.0,4.0,-76.0,80.0,-32.0,80.0,-32.0,20.0,2014.0,past,2014-05
2014-05-25,3.0,9.0,-81.0,90.0,-42.5,132.5,48.5,84.0,-66.5,150.5,147.5,4.0,-4.0,8.0,4.0,4.0,-76.0,4.0,-76.0,21.0,2014.0,past,2014-05
2014-06-01,0.0,3.0,-6.0,9.0,-81.0,90.0,-42.5,132.5,48.5,84.0,-66.5,0.0,-4.0,4.0,-4.0,8.0,4.0,8.0,4.0,22.0,2014.0,past,2014-06
2014-06-08,0.0,0.0,-3.0,3.0,-6.0,9.0,-81.0,90.0,-42.5,132.5,48.5,0.0,0.0,0.0,-4.0,4.0,-4.0,4.0,-4.0,23.0,2014.0,past,2014-06
2014-06-15,0.0,0.0,0.0,0.0,-3.0,3.0,-6.0,9.0,-81.0,90.0,-42.5,0.0,0.0,0.0,0.0,0.0,-4.0,0.0,-4.0,24.0,2014.0,past,2014-06
2014-06-22,0.0,0.0,0.0,0.0,0.0,0.0,-3.0,3.0,-6.0,9.0,-81.0,0.0,0.0,0.0,0.0,0.0,0.0,0.0,0.0,25.0,2014.0,past,2014-06
2014-06-29,0.0,0.0,0.0,0.0,0.0,0.0,0.0,0.0,-3.0,3.0,-6.0,0.0,0.0,0.0,0.0,0.0,0.0,0.0,0.0,26.0,2014.0,past,2014-06
2014-07-06,0.0,0.0,0.0,0.0,0.0,0.0,0.0,0.0,0.0,0.0,-3.0,0.0,0.0,0.0,0.0,0.0,0.0,0.0,0.0,27.0,2014.0,past,2014-07
2014-07-13,0.0,0.0,0.0,0.0,0.0,0.0,0.0,0.0,0.0,0.0,0.0,0.0,0.0,0.0,0.0,0.0,0.0,0.0,0.0,28.0,2014.0,past,2014-07
2014-07-20,0.0,0.0,0.0,0.0,0.0,0.0,0.0,0.0,0.0,0.0,0.0,0.0,0.0,0.0,0.0,0.0,0.0,0.0,0.0,29.0,2014.0,past,2014-07
2014-07-27,0.0,0.0,0.0,0.0,0.0,0.0,0.0,0.0,0.0,0.0,0.0,0.0,0.0,0.0,0.0,0.0,0.0,0.0,0.0,30.0,2014.0,past,2014-07
2014-08-03,0.0,0.0,0.0,0.0,0.0,0.0,0.0,0.0,0.0,0.0,0.0,0.0,0.0,0.0,0.0,0.0,0.0,0.0,0.0,31.0,2014.0,past,2014-08
2014-08-10,0.0,0.0,0.0,0.0,0.0,0.0,0.0,0.0,0.0,0.0,0.0,0.0,0.0,0.0,0.0,0.0,0.0,0.0,0.0,32.0,2014.0,past,2014-08
2014-08-17,0.0,0.0,0.0,0.0,0.0,0.0,0.0,0.0,0.0,0.0,0.0,0.0,0.0,0.0,0.0,0.0,0.0,0.0,0.0,33.0,2014.0,past,2014-08
2014-08-24,0.0,0.0,0.0,0.0,0.0,0.0,0.0,0.0,0.0,0.0,0.0,0.0,0.0,0.0,0.0,0.0,0.0,0.0,0.0,34.0,2014.0,past,2014-08
2014-08-31,0.0,0.0,0.0,0.0,0.0,0.0,0.0,0.0,0.0,0.0,0.0,0.0,0.0,0.0,0.0,0.0,0.0,0.0,0.0,35.0,2014.0,past,2014-08
2014-09-07,0.0,0.0,0.0,0.0,0.0,0.0,0.0,0.0,0.0,0.0,0.0,0.0,0.0,0.0,0.0,0.0,0.0,0.0,0.0,36.0,2014.0,past,2014-09
2014-09-14,2.0,0.0,0.0,0.0,0.0,0.0,0.0,0.0,0.0,0.0,0.0,0.0,0.0,0.0,0.0,0.0,0.0,0.0,0.0,37.0,2014.0,past,2014-09
2014-09-21,3.0,2.0,2.0,0.0,0.0,0.0,0.0,0.0,0.0,0.0,0.0,10.0,10.0,0.0,0.0,0.0,0.0,0.0,0.0,38.0,2014.0,past,2014-09
2014-09-28,16.0,3.0,1.0,2.0,2.0,0.0,0.0,0.0,0.0,0.0,0.0,14.0,4.0,10.0,10.0,0.0,0.0,0.0,0.0,39.0,2014.0,past,2014-09
2014-10-05,33.0,16.0,13.0,3.0,1.0,2.0,2.0,0.0,0.0,0.0,0.0,49.0,35.0,14.0,4.0,10.0,10.0,10.0,10.0,40.0,2014.0,past,2014-10
2014-10-12,69.0,33.0,17.0,16.0,13.0,3.0,1.0,2.0,2.0,0.0,0.0,53.0,4.0,49.0,35.0,14.0,4.0,14.0,4.0,41.0,2014.0,past,2014-10
2014-10-19,103.5,69.0,36.0,33.0,17.0,16.0,13.0,3.0,1.0,2.0,2.0,136.0,83.0,53.0,4.0,49.0,35.0,49.0,35.0,42.0,2014.0,past,2014-10
2014-10-26,157.0,103.5,34.5,69.0,36.0,33.0,17.0,16.0,13.0,3.0,1.0,69.0,-67.0,136.0,83.0,53.0,4.0,53.0,4.0,43.0,2014.0,past,2014-10
2014-11-02,93.0,157.0,53.5,103.5,34.5,69.0,36.0,33.0,17.0,16.0,13.0,110.0,41.0,69.0,-67.0,136.0,83.0,136.0,83.0,44.0,2014.0,past,2014-11
2014-11-09,29.0,93.0,-64.0,157.0,53.5,103.5,34.5,69.0,36.0,33.0,17.0,21.0,-89.0,110.0,41.0,69.0,-67.0,69.0,-67.0,45.0,2014.0,past,2014-11
2014-11-16,6.0,29.0,-64.0,93.0,-64.0,157.0,53.5,103.5,34.5,69.0,36.0,0.0,-21.0,21.0,-89.0,110.0,41.0,110.0,41.0,46.0,2014.0,past,2014-11
2014-11-23,10.0,6.0,-23.0,29.0,-64.0,93.0,-64.0,157.0,53.5,103.5,34.5,3.0,3.0,0.0,-21.0,21.0,-89.0,21.0,-89.0,47.0,2014.0,past,2014-11
2014-11-30,1.0,10.0,4.0,6.0,-23.0,29.0,-64.0,93.0,-64.0,157.0,53.5,0.0,-3.0,3.0,3.0,0.0,-21.0,0.0,-21.0,48.0,2014.0,past,2014-11
2014-12-07,0.0,1.0,-9.0,10.0,4.0,6.0,-23.0,29.0,-64.0,93.0,-64.0,0.0,0.0,0.0,-3.0,3.0,3.0,3.0,3.0,49.0,2014.0,past,2014-12
2014-12-14,0.0,0.0,-1.0,1.0,-9.0,10.0,4.0,6.0,-23.0,29.0,-64.0,0.0,0.0,0.0,0.0,0.0,-3.0,0.0,-3.0,50.0,2014.0,past,2014-12
2014-12-21,0.0,0.0,0.0,0.0,-1.0,1.0,-9.0,10.0,4.0,6.0,-23.0,0.0,0.0,0.0,0.0,0.0,0.0,0.0,0.0,51.0,2014.0,past,2014-12
2014-12-28,0.0,0.0,0.0,0.0,0.0,0.0,-1.0,1.0,-9.0,10.0,4.0,1.0,1.0,0.0,0.0,0.0,0.0,0.0,0.0,52.0,2014.0,past,2014-12
2015-01-04,0.0,0.0,0.0,0.0,0.0,0.0,0.0,0.0,-1.0,1.0,-9.0,0.0,-1.0,1.0,1.0,0.0,0.0,0.0,0.0,1.0,2015.0,past,2015-01
2015-01-11,0.0,0.0,0.0,0.0,0.0,0.0,0.0,0.0,0.0,0.0,-1.0,1.0,1.0,0.0,-1.0,1.0,1.0,1.0,1.0,2.0,2015.0,past,2015-01
2015-01-18,0.0,0.0,0.0,0.0,0.0,0.0,0.0,0.0,0.0,0.0,0.0,0.0,-1.0,1.0,1.0,0.0,-1.0,0.0,-1.0,3.0,2015.0,past,2015-01
2015-01-25,0.0,0.0,0.0,0.0,0.0,0.0,0.0,0.0,0.0,0.0,0.0,0.0,0.0,0.0,-1.0,1.0,1.0,1.0,1.0,4.0,2015.0,past,2015-01
2015-02-01,0.0,0.0,0.0,0.0,0.0,0.0,0.0,0.0,0.0,0.0,0.0,0.0,0.0,0.0,0.0,0.0,-1.0,0.0,-1.0,5.0,2015.0,past,2015-02
2015-02-08,0.0,0.0,0.0,0.0,0.0,0.0,0.0,0.0,0.0,0.0,0.0,0.0,0.0,0.0,0.0,0.0,0.0,0.0,0.0,6.0,2015.0,past,2015-02
2015-02-15,0.0,0.0,0.0,0.0,0.0,0.0,0.0,0.0,0.0,0.0,0.0,0.0,0.0,0.0,0.0,0.0,0.0,0.0,0.0,7.0,2015.0,past,2015-02
2015-02-22,0.0,0.0,0.0,0.0,0.0,0.0,0.0,0.0,0.0,0.0,0.0,0.0,0.0,0.0,0.0,0.0,0.0,0.0,0.0,8.0,2015.0,past,2015-02
2015-03-01,0.0,0.0,0.0,0.0,0.0,0.0,0.0,0.0,0.0,0.0,0.0,0.0,0.0,0.0,0.0,0.0,0.0,0.0,0.0,9.0,2015.0,past,2015-03
2015-03-08,0.0,0.0,0.0,0.0,0.0,0.0,0.0,0.0,0.0,0.0,0.0,0.0,0.0,0.0,0.0,0.0,0.0,0.0,0.0,10.0,2015.0,past,2015-03
2015-03-15,0.0,0.0,0.0,0.0,0.0,0.0,0.0,0.0,0.0,0.0,0.0,0.0,0.0,0.0,0.0,0.0,0.0,0.0,0.0,11.0,2015.0,past,2015-03
2015-03-22,0.0,0.0,0.0,0.0,0.0,0.0,0.0,0.0,0.0,0.0,0.0,0.0,0.0,0.0,0.0,0.0,0.0,0.0,0.0,12.0,2015.0,past,2015-03
2015-03-29,0.0,0.0,0.0,0.0,0.0,0.0,0.0,0.0,0.0,0.0,0.0,0.0,0.0,0.0,0.0,0.0,0.0,0.0,0.0,13.0,2015.0,past,2015-03
2015-04-05,0.0,0.0,0.0,0.0,0.0,0.0,0.0,0.0,0.0,0.0,0.0,0.0,0.0,0.0,0.0,0.0,0.0,0.0,0.0,14.0,2015.0,past,2015-04
2015-04-12,17.0,0.0,0.0,0.0,0.0,0.0,0.0,0.0,0.0,0.0,0.0,3.0,3.0,0.0,0.0,0.0,0.0,0.0,0.0,15.0,2015.0,past,2015-04
2015-04-19,62.0,17.0,17.0,0.0,0.0,0.0,0.0,0.0,0.0,0.0,0.0,150.5,147.5,3.0,3.0,0.0,0.0,0.0,0.0,16.0,2015.0,past,2015-04
2015-04-26,114.0,62.0,45.0,17.0,17.0,0.0,0.0,0.0,0.0,0.0,0.0,84.0,-66.5,150.5,147.5,3.0,3.0,3.0,3.0,17.0,2015.0,past,2015-04
2015-05-03,128.0,114.0,52.0,62.0,45.0,17.0,17.0,0.0,0.0,0.0,0.0,132.5,48.5,84.0,-66.5,150.5,147.5,150.5,147.5,18.0,2015.0,past,2015-05
2015-05-10,73.5,128.0,14.0,114.0,52.0,62.0,45.0,17.0,17.0,0.0,0.0,90.0,-42.5,132.5,48.5,84.0,-66.5,84.0,-66.5,19.0,2015.0,past,2015-05
2015-05-17,4.0,73.5,-54.5,128.0,14.0,114.0,52.0,62.0,45.0,17.0,17.0,9.0,-81.0,90.0,-42.5,132.5,48.5,132.5,48.5,20.0,2015.0,past,2015-05
2015-05-24,0.0,4.0,-69.5,73.5,-54.5,128.0,14.0,114.0,52.0,62.0,45.0,3.0,-6.0,9.0,-81.0,90.0,-42.5,90.0,-42.5,21.0,2015.0,past,2015-05
2015-05-31,0.0,0.0,-4.0,4.0,-69.5,73.5,-54.5,128.0,14.0,114.0,52.0,0.0,-3.0,3.0,-6.0,9.0,-81.0,9.0,-81.0,22.0,2015.0,past,2015-05
2015-06-07,0.0,0.0,0.0,0.0,-4.0,4.0,-69.5,73.5,-54.5,128.0,14.0,0.0,0.0,0.0,-3.0,3.0,-6.0,3.0,-6.0,23.0,2015.0,past,2015-06
2015-06-14,0.0,0.0,0.0,0.0,0.0,0.0,-4.0,4.0,-69.5,73.5,-54.5,0.0,0.0,0.0,0.0,0.0,-3.0,0.0,-3.0,24.0,2015.0,past,2015-06
2015-06-21,0.0,0.0,0.0,0.0,0.0,0.0,0.0,0.0,-4.0,4.0,-69.5,0.0,0.0,0.0,0.0,0.0,0.0,0.0,0.0,25.0,2015.0,past,2015-06
2015-06-28,0.0,0.0,0.0,0.0,0.0,0.0,0.0,0.0,0.0,0.0,-4.0,0.0,0.0,0.0,0.0,0.0,0.0,0.0,0.0,26.0,2015.0,past,2015-06
2015-07-05,0.0,0.0,0.0,0.0,0.0,0.0,0.0,0.0,0.0,0.0,0.0,0.0,0.0,0.0,0.0,0.0,0.0,0.0,0.0,27.0,2015.0,past,2015-07
2015-07-12,0.0,0.0,0.0,0.0,0.0,0.0,0.0,0.0,0.0,0.0,0.0,0.0,0.0,0.0,0.0,0.0,0.0,0.0,0.0,28.0,2015.0,past,2015-07
2015-07-19,0.0,0.0,0.0,0.0,0.0,0.0,0.0,0.0,0.0,0.0,0.0,0.0,0.0,0.0,0.0,0.0,0.0,0.0,0.0,29.0,2015.0,past,2015-07
2015-07-26,0.0,0.0,0.0,0.0,0.0,0.0,0.0,0.0,0.0,0.0,0.0,0.0,0.0,0.0,0.0,0.0,0.0,0.0,0.0,30.0,2015.0,past,2015-07
2015-08-02,0.0,0.0,0.0,0.0,0.0,0.0,0.0,0.0,0.0,0.0,0.0,0.0,0.0,0.0,0.0,0.0,0.0,0.0,0.0,31.0,2015.0,past,2015-08
2015-08-09,0.0,0.0,0.0,0.0,0.0,0.0,0.0,0.0,0.0,0.0,0.0,0.0,0.0,0.0,0.0,0.0,0.0,0.0,0.0,32.0,2015.0,past,2015-08
2015-08-16,0.0,0.0,0.0,0.0,0.0,0.0,0.0,0.0,0.0,0.0,0.0,0.0,0.0,0.0,0.0,0.0,0.0,0.0,0.0,33.0,2015.0,past,2015-08
2015-08-23,0.0,0.0,0.0,0.0,0.0,0.0,0.0,0.0,0.0,0.0,0.0,0.0,0.0,0.0,0.0,0.0,0.0,0.0,0.0,34.0,2015.0,past,2015-08
2015-08-30,0.0,0.0,0.0,0.0,0.0,0.0,0.0,0.0,0.0,0.0,0.0,0.0,0.0,0.0,0.0,0.0,0.0,0.0,0.0,35.0,2015.0,past,2015-08
2015-09-06,0.0,0.0,0.0,0.0,0.0,0.0,0.0,0.0,0.0,0.0,0.0,0.0,0.0,0.0,0.0,0.0,0.0,0.0,0.0,36.0,2015.0,past,2015-09
2015-09-13,0.0,0.0,0.0,0.0,0.0,0.0,0.0,0.0,0.0,0.0,0.0,2.0,2.0,0.0,0.0,0.0,0.0,0.0,0.0,37.0,2015.0,past,2015-09
2015-09-20,5.0,0.0,0.0,0.0,0.0,0.0,0.0,0.0,0.0,0.0,0.0,3.0,1.0,2.0,2.0,0.0,0.0,0.0,0.0,38.0,2015.0,past,2015-09
2015-09-27,2.0,5.0,5.0,0.0,0.0,0.0,0.0,0.0,0.0,0.0,0.0,16.0,13.0,3.0,1.0,2.0,2.0,2.0,2.0,39.0,2015.0,past,2015-09
2015-10-04,82.0,2.0,-3.0,5.0,5.0,0.0,0.0,0.0,0.0,0.0,0.0,33.0,17.0,16.0,13.0,3.0,1.0,3.0,1.0,40.0,2015.0,past,2015-10
2015-10-11,35.0,82.0,80.0,2.0,-3.0,5.0,5.0,0.0,0.0,0.0,0.0,69.0,36.0,33.0,17.0,16.0,13.0,16.0,13.0,41.0,2015.0,past,2015-10
2015-10-18,110.0,35.0,-47.0,82.0,80.0,2.0,-3.0,5.0,5.0,0.0,0.0,103.5,34.5,69.0,36.0,33.0,17.0,33.0,17.0,42.0,2015.0,past,2015-10
2015-10-25,139.0,110.0,75.0,35.0,-47.0,82.0,80.0,2.0,-3.0,5.0,5.0,157.0,53.5,103.5,34.5,69.0,36.0,69.0,36.0,43.0,2015.0,past,2015-10
2015-11-01,74.0,139.0,29.0,110.0,75.0,35.0,-47.0,82.0,80.0,2.0,-3.0,93.0,-64.0,157.0,53.5,103.5,34.5,103.5,34.5,44.0,2015.0,past,2015-11
2015-11-08,16.0,74.0,-65.0,139.0,29.0,110.0,75.0,35.0,-47.0,82.0,80.0,29.0,-64.0,93.0,-64.0,157.0,53.5,157.0,53.5,45.0,2015.0,past,2015-11
2015-11-15,8.0,16.0,-58.0,74.0,-65.0,139.0,29.0,110.0,75.0,35.0,-47.0,6.0,-23.0,29.0,-64.0,93.0,-64.0,93.0,-64.0,46.0,2015.0,past,2015-11
2015-11-22,2.0,8.0,-8.0,16.0,-58.0,74.0,-65.0,139.0,29.0,110.0,75.0,10.0,4.0,6.0,-23.0,29.0,-64.0,29.0,-64.0,47.0,2015.0,past,2015-11
2015-11-29,0.0,2.0,-6.0,8.0,-8.0,16.0,-58.0,74.0,-65.0,139.0,29.0,1.0,-9.0,10.0,4.0,6.0,-23.0,6.0,-23.0,48.0,2015.0,past,2015-11
2015-12-06,1.0,0.0,-2.0,2.0,-6.0,8.0,-8.0,16.0,-58.0,74.0,-65.0,0.0,-1.0,1.0,-9.0,10.0,4.0,10.0,4.0,49.0,2015.0,past,2015-12
2015-12-13,0.0,1.0,1.0,0.0,-2.0,2.0,-6.0,8.0,-8.0,16.0,-58.0,0.0,0.0,0.0,-1.0,1.0,-9.0,1.0,-9.0,50.0,2015.0,past,2015-12
2015-12-20,0.0,0.0,-1.0,1.0,1.0,0.0,-2.0,2.0,-6.0,8.0,-8.0,0.0,0.0,0.0,0.0,0.0,-1.0,0.0,-1.0,51.0,2015.0,past,2015-12
2015-12-27,0.0,0.0,0.0,0.0,-1.0,1.0,1.0,0.0,-2.0,2.0,-6.0,0.0,0.0,0.0,0.0,0.0,0.0,0.0,0.0,52.0,2015.0,past,2015-12
2016-01-03,0.0,0.0,0.0,0.0,0.0,0.0,-1.0,1.0,1.0,0.0,-2.0,0.0,0.0,0.0,0.0,0.0,0.0,0.0,0.0,53.0,2016.0,past,2016-01
2016-01-10,0.0,0.0,0.0,0.0,0.0,0.0,0.0,0.0,-1.0,1.0,1.0,0.0,0.0,0.0,0.0,0.0,0.0,0.0,0.0,1.0,2016.0,past,2016-01
2016-01-17,0.0,0.0,0.0,0.0,0.0,0.0,0.0,0.0,0.0,0.0,-1.0,0.0,0.0,0.0,0.0,0.0,0.0,0.0,0.0,2.0,2016.0,past,2016-01
2016-01-24,0.0,0.0,0.0,0.0,0.0,0.0,0.0,0.0,0.0,0.0,0.0,0.0,0.0,0.0,0.0,0.0,0.0,0.0,0.0,3.0,2016.0,past,2016-01
2016-01-31,0.0,0.0,0.0,0.0,0.0,0.0,0.0,0.0,0.0,0.0,0.0,0.0,0.0,0.0,0.0,0.0,0.0,0.0,0.0,4.0,2016.0,past,2016-01
2016-02-07,0.0,0.0,0.0,0.0,0.0,0.0,0.0,0.0,0.0,0.0,0.0,0.0,0.0,0.0,0.0,0.0,0.0,0.0,0.0,5.0,2016.0,past,2016-02
2016-02-14,0.0,0.0,0.0,0.0,0.0,0.0,0.0,0.0,0.0,0.0,0.0,0.0,0.0,0.0,0.0,0.0,0.0,0.0,0.0,6.0,2016.0,past,2016-02
2016-02-21,0.0,0.0,0.0,0.0,0.0,0.0,0.0,0.0,0.0,0.0,0.0,0.0,0.0,0.0,0.0,0.0,0.0,0.0,0.0,7.0,2016.0,past,2016-02
2016-02-28,0.0,0.0,0.0,0.0,0.0,0.0,0.0,0.0,0.0,0.0,0.0,0.0,0.0,0.0,0.0,0.0,0.0,0.0,0.0,8.0,2016.0,past,2016-02
2016-03-06,0.0,0.0,0.0,0.0,0.0,0.0,0.0,0.0,0.0,0.0,0.0,0.0,0.0,0.0,0.0,0.0,0.0,0.0,0.0,9.0,2016.0,past,2016-03
2016-03-13,0.0,0.0,0.0,0.0,0.0,0.0,0.0,0.0,0.0,0.0,0.0,0.0,0.0,0.0,0.0,0.0,0.0,0.0,0.0,10.0,2016.0,past,2016-03
2016-03-20,0.0,0.0,0.0,0.0,0.0,0.0,0.0,0.0,0.0,0.0,0.0,0.0,0.0,0.0,0.0,0.0,0.0,0.0,0.0,11.0,2016.0,past,2016-03
2016-03-27,0.0,0.0,0.0,0.0,0.0,0.0,0.0,0.0,0.0,0.0,0.0,0.0,0.0,0.0,0.0,0.0,0.0,0.0,0.0,12.0,2016.0,past,2016-03
2016-04-03,6.0,0.0,0.0,0.0,0.0,0.0,0.0,0.0,0.0,0.0,0.0,0.0,0.0,0.0,0.0,0.0,0.0,0.0,0.0,13.0,2016.0,past,2016-04
2016-04-10,17.0,6.0,6.0,0.0,0.0,0.0,0.0,0.0,0.0,0.0,0.0,17.0,17.0,0.0,0.0,0.0,0.0,0.0,0.0,14.0,2016.0,past,2016-04
2016-04-17,100.0,17.0,11.0,6.0,6.0,0.0,0.0,0.0,0.0,0.0,0.0,62.0,45.0,17.0,17.0,0.0,0.0,0.0,0.0,15.0,2016.0,past,2016-04
2016-04-24,44.0,100.0,83.0,17.0,11.0,6.0,6.0,0.0,0.0,0.0,0.0,114.0,52.0,62.0,45.0,17.0,17.0,17.0,17.0,16.0,2016.0,past,2016-04
2016-05-01,58.0,44.0,-56.0,100.0,83.0,17.0,11.0,6.0,6.0,0.0,0.0,128.0,14.0,114.0,52.0,62.0,45.0,62.0,45.0,17.0,2016.0,past,2016-05
2016-05-08,11.0,58.0,14.0,44.0,-56.0,100.0,83.0,17.0,11.0,6.0,6.0,73.5,-54.5,128.0,14.0,114.0,52.0,114.0,52.0,18.0,2016.0,past,2016-05
2016-05-15,2.0,11.0,-47.0,58.0,14.0,44.0,-56.0,100.0,83.0,17.0,11.0,4.0,-69.5,73.5,-54.5,128.0,14.0,128.0,14.0,19.0,2016.0,past,2016-05
2016-05-22,0.0,2.0,-9.0,11.0,-47.0,58.0,14.0,44.0,-56.0,100.0,83.0,0.0,-4.0,4.0,-69.5,73.5,-54.5,73.5,-54.5,20.0,2016.0,past,2016-05
2016-05-29,0.0,0.0,-2.0,2.0,-9.0,11.0,-47.0,58.0,14.0,44.0,-56.0,0.0,0.0,0.0,-4.0,4.0,-69.5,4.0,-69.5,21.0,2016.0,past,2016-05
2016-06-05,0.0,0.0,0.0,0.0,-2.0,2.0,-9.0,11.0,-47.0,58.0,14.0,0.0,0.0,0.0,0.0,0.0,-4.0,0.0,-4.0,22.0,2016.0,past,2016-06
2016-06-12,0.0,0.0,0.0,0.0,0.0,0.0,-2.0,2.0,-9.0,11.0,-47.0,0.0,0.0,0.0,0.0,0.0,0.0,0.0,0.0,23.0,2016.0,past,2016-06
2016-06-19,0.0,0.0,0.0,0.0,0.0,0.0,0.0,0.0,-2.0,2.0,-9.0,0.0,0.0,0.0,0.0,0.0,0.0,0.0,0.0,24.0,2016.0,past,2016-06
2016-06-26,0.0,0.0,0.0,0.0,0.0,0.0,0.0,0.0,0.0,0.0,-2.0,0.0,0.0,0.0,0.0,0.0,0.0,0.0,0.0,25.0,2016.0,past,2016-06
2016-07-03,0.0,0.0,0.0,0.0,0.0,0.0,0.0,0.0,0.0,0.0,0.0,0.0,0.0,0.0,0.0,0.0,0.0,0.0,0.0,26.0,2016.0,past,2016-07
2016-07-10,0.0,0.0,0.0,0.0,0.0,0.0,0.0,0.0,0.0,0.0,0.0,0.0,0.0,0.0,0.0,0.0,0.0,0.0,0.0,27.0,2016.0,past,2016-07
2016-07-17,0.0,0.0,0.0,0.0,0.0,0.0,0.0,0.0,0.0,0.0,0.0,0.0,0.0,0.0,0.0,0.0,0.0,0.0,0.0,28.0,2016.0,past,2016-07
2016-07-24,0.0,0.0,0.0,0.0,0.0,0.0,0.0,0.0,0.0,0.0,0.0,0.0,0.0,0.0,0.0,0.0,0.0,0.0,0.0,29.0,2016.0,past,2016-07
2016-07-31,0.0,0.0,0.0,0.0,0.0,0.0,0.0,0.0,0.0,0.0,0.0,0.0,0.0,0.0,0.0,0.0,0.0,0.0,0.0,30.0,2016.0,past,2016-07
2016-08-07,0.0,0.0,0.0,0.0,0.0,0.0,0.0,0.0,0.0,0.0,0.0,0.0,0.0,0.0,0.0,0.0,0.0,0.0,0.0,31.0,2016.0,past,2016-08
2016-08-14,0.0,0.0,0.0,0.0,0.0,0.0,0.0,0.0,0.0,0.0,0.0,0.0,0.0,0.0,0.0,0.0,0.0,0.0,0.0,32.0,2016.0,past,2016-08
2016-08-21,0.0,0.0,0.0,0.0,0.0,0.0,0.0,0.0,0.0,0.0,0.0,0.0,0.0,0.0,0.0,0.0,0.0,0.0,0.0,33.0,2016.0,past,2016-08
2016-08-28,0.0,0.0,0.0,0.0,0.0,0.0,0.0,0.0,0.0,0.0,0.0,0.0,0.0,0.0,0.0,0.0,0.0,0.0,0.0,34.0,2016.0,past,2016-08
2016-09-04,0.0,0.0,0.0,0.0,0.0,0.0,0.0,0.0,0.0,0.0,0.0,0.0,0.0,0.0,0.0,0.0,0.0,0.0,0.0,35.0,2016.0,past,2016-09
2016-09-11,1.0,0.0,0.0,0.0,0.0,0.0,0.0,0.0,0.0,0.0,0.0,0.0,0.0,0.0,0.0,0.0,0.0,0.0,0.0,36.0,2016.0,past,2016-09
2016-09-18,36.0,1.0,1.0,0.0,0.0,0.0,0.0,0.0,0.0,0.0,0.0,5.0,5.0,0.0,0.0,0.0,0.0,0.0,0.0,37.0,2016.0,past,2016-09
2016-09-25,92.0,36.0,35.0,1.0,1.0,0.0,0.0,0.0,0.0,0.0,0.0,2.0,-3.0,5.0,5.0,0.0,0.0,0.0,0.0,38.0,2016.0,past,2016-09
2016-10-02,138.0,92.0,56.0,36.0,35.0,1.0,1.0,0.0,0.0,0.0,0.0,82.0,80.0,2.0,-3.0,5.0,5.0,5.0,5.0,39.0,2016.0,past,2016-10
2016-10-09,195.0,138.0,46.0,92.0,56.0,36.0,35.0,1.0,1.0,0.0,0.0,35.0,-47.0,82.0,80.0,2.0,-3.0,2.0,-3.0,40.0,2016.0,past,2016-10
2016-10-16,189.0,195.0,57.0,138.0,46.0,92.0,56.0,36.0,35.0,1.0,1.0,110.0,75.0,35.0,-47.0,82.0,80.0,82.0,80.0,41.0,2016.0,past,2016-10
2016-10-23,79.0,189.0,-6.0,195.0,57.0,138.0,46.0,92.0,56.0,36.0,35.0,139.0,29.0,110.0,75.0,35.0,-47.0,35.0,-47.0,42.0,2016.0,past,2016-10
2016-10-30,129.0,79.0,-110.0,189.0,-6.0,195.0,57.0,138.0,46.0,92.0,56.0,74.0,-65.0,139.0,29.0,110.0,75.0,110.0,75.0,43.0,2016.0,past,2016-10
2016-11-06,15.0,129.0,50.0,79.0,-110.0,189.0,-6.0,195.0,57.0,138.0,46.0,16.0,-58.0,74.0,-65.0,139.0,29.0,139.0,29.0,44.0,2016.0,past,2016-11
2016-11-13,4.0,15.0,-114.0,129.0,50.0,79.0,-110.0,189.0,-6.0,195.0,57.0,8.0,-8.0,16.0,-58.0,74.0,-65.0,74.0,-65.0,45.0,2016.0,past,2016-11
2016-11-20,3.0,4.0,-11.0,15.0,-114.0,129.0,50.0,79.0,-110.0,189.0,-6.0,2.0,-6.0,8.0,-8.0,16.0,-58.0,16.0,-58.0,46.0,2016.0,past,2016-11
2016-11-27,10.0,3.0,-1.0,4.0,-11.0,15.0,-114.0,129.0,50.0,79.0,-110.0,0.0,-2.0,2.0,-6.0,8.0,-8.0,8.0,-8.0,47.0,2016.0,past,2016-11
2016-12-04,0.0,10.0,7.0,3.0,-1.0,4.0,-11.0,15.0,-114.0,129.0,50.0,1.0,1.0,0.0,-2.0,2.0,-6.0,2.0,-6.0,48.0,2016.0,past,2016-12
2016-12-11,0.0,0.0,-10.0,10.0,7.0,3.0,-1.0,4.0,-11.0,15.0,-114.0,0.0,-1.0,1.0,1.0,0.0,-2.0,0.0,-2.0,49.0,2016.0,past,2016-12
2016-12-18,0.0,0.0,0.0,0.0,-10.0,10.0,7.0,3.0,-1.0,4.0,-11.0,0.0,0.0,0.0,-1.0,1.0,1.0,1.0,1.0,50.0,2016.0,past,2016-12
2016-12-25,0.0,0.0,0.0,0.0,0.0,0.0,-10.0,10.0,7.0,3.0,-1.0,0.0,0.0,0.0,0.0,0.0,-1.0,0.0,-1.0,51.0,2016.0,past,2016-12
2017-01-01,0.0,0.0,0.0,0.0,0.0,0.0,0.0,0.0,-10.0,10.0,7.0,0.0,0.0,0.0,0.0,0.0,0.0,0.0,0.0,52.0,2017.0,past,2017-01
2017-01-08,0.0,0.0,0.0,0.0,0.0,0.0,0.0,0.0,0.0,0.0,-10.0,0.0,0.0,0.0,0.0,0.0,0.0,0.0,0.0,1.0,2017.0,past,2017-01
2017-01-15,0.0,0.0,0.0,0.0,0.0,0.0,0.0,0.0,0.0,0.0,0.0,0.0,0.0,0.0,0.0,0.0,0.0,0.0,0.0,2.0,2017.0,past,2017-01
2017-01-22,0.0,0.0,0.0,0.0,0.0,0.0,0.0,0.0,0.0,0.0,0.0,0.0,0.0,0.0,0.0,0.0,0.0,0.0,0.0,3.0,2017.0,past,2017-01
2017-01-29,0.0,0.0,0.0,0.0,0.0,0.0,0.0,0.0,0.0,0.0,0.0,0.0,0.0,0.0,0.0,0.0,0.0,0.0,0.0,4.0,2017.0,past,2017-01
2017-02-05,0.0,0.0,0.0,0.0,0.0,0.0,0.0,0.0,0.0,0.0,0.0,0.0,0.0,0.0,0.0,0.0,0.0,0.0,0.0,5.0,2017.0,past,2017-02
2017-02-12,0.0,0.0,0.0,0.0,0.0,0.0,0.0,0.0,0.0,0.0,0.0,0.0,0.0,0.0,0.0,0.0,0.0,0.0,0.0,6.0,2017.0,past,2017-02
2017-02-19,0.0,0.0,0.0,0.0,0.0,0.0,0.0,0.0,0.0,0.0,0.0,0.0,0.0,0.0,0.0,0.0,0.0,0.0,0.0,7.0,2017.0,past,2017-02
2017-02-26,0.0,0.0,0.0,0.0,0.0,0.0,0.0,0.0,0.0,0.0,0.0,0.0,0.0,0.0,0.0,0.0,0.0,0.0,0.0,8.0,2017.0,past,2017-02
2017-03-05,0.0,0.0,0.0,0.0,0.0,0.0,0.0,0.0,0.0,0.0,0.0,0.0,0.0,0.0,0.0,0.0,0.0,0.0,0.0,9.0,2017.0,past,2017-03
2017-03-12,0.0,0.0,0.0,0.0,0.0,0.0,0.0,0.0,0.0,0.0,0.0,0.0,0.0,0.0,0.0,0.0,0.0,0.0,0.0,10.0,2017.0,past,2017-03
2017-03-19,0.0,0.0,0.0,0.0,0.0,0.0,0.0,0.0,0.0,0.0,0.0,0.0,0.0,0.0,0.0,0.0,0.0,0.0,0.0,11.0,2017.0,past,2017-03
2017-03-26,0.0,0.0,0.0,0.0,0.0,0.0,0.0,0.0,0.0,0.0,0.0,0.0,0.0,0.0,0.0,0.0,0.0,0.0,0.0,12.0,2017.0,past,2017-03
2017-04-02,28.0,0.0,0.0,0.0,0.0,0.0,0.0,0.0,0.0,0.0,0.0,6.0,6.0,0.0,0.0,0.0,0.0,0.0,0.0,13.0,2017.0,past,2017-04
2017-04-09,129.0,28.0,28.0,0.0,0.0,0.0,0.0,0.0,0.0,0.0,0.0,17.0,11.0,6.0,6.0,0.0,0.0,0.0,0.0,14.0,2017.0,past,2017-04
2017-04-16,109.0,129.0,101.0,28.0,28.0,0.0,0.0,0.0,0.0,0.0,0.0,100.0,83.0,17.0,11.0,6.0,6.0,6.0,6.0,15.0,2017.0,past,2017-04
2017-04-23,137.0,109.0,-20.0,129.0,101.0,28.0,28.0,0.0,0.0,0.0,0.0,44.0,-56.0,100.0,83.0,17.0,11.0,17.0,11.0,16.0,2017.0,past,2017-04
2017-04-30,45.0,137.0,28.0,109.0,-20.0,129.0,101.0,28.0,28.0,0.0,0.0,58.0,14.0,44.0,-56.0,100.0,83.0,100.0,83.0,17.0,2017.0,past,2017-04
2017-05-07,8.0,45.0,-92.0,137.0,28.0,109.0,-20.0,129.0,101.0,28.0,28.0,11.0,-47.0,58.0,14.0,44.0,-56.0,44.0,-56.0,18.0,2017.0,past,2017-05
2017-05-14,1.0,8.0,-37.0,45.0,-92.0,137.0,28.0,109.0,-20.0,129.0,101.0,2.0,-9.0,11.0,-47.0,58.0,14.0,58.0,14.0,19.0,2017.0,past,2017-05
2017-05-21,0.0,1.0,-7.0,8.0,-37.0,45.0,-92.0,137.0,28.0,109.0,-20.0,0.0,-2.0,2.0,-9.0,11.0,-47.0,11.0,-47.0,20.0,2017.0,past,2017-05
2017-05-28,0.0,0.0,-1.0,1.0,-7.0,8.0,-37.0,45.0,-92.0,137.0,28.0,0.0,0.0,0.0,-2.0,2.0,-9.0,2.0,-9.0,21.0,2017.0,past,2017-05
2017-06-04,0.0,0.0,0.0,0.0,-1.0,1.0,-7.0,8.0,-37.0,45.0,-92.0,0.0,0.0,0.0,0.0,0.0,-2.0,0.0,-2.0,22.0,2017.0,past,2017-06
2017-06-11,0.0,0.0,0.0,0.0,0.0,0.0,-1.0,1.0,-7.0,8.0,-37.0,0.0,0.0,0.0,0.0,0.0,0.0,0.0,0.0,23.0,2017.0,past,2017-06
2017-06-18,0.0,0.0,0.0,0.0,0.0,0.0,0.0,0.0,-1.0,1.0,-7.0,0.0,0.0,0.0,0.0,0.0,0.0,0.0,0.0,24.0,2017.0,past,2017-06
2017-06-25,0.0,0.0,0.0,0.0,0.0,0.0,0.0,0.0,0.0,0.0,-1.0,0.0,0.0,0.0,0.0,0.0,0.0,0.0,0.0,25.0,2017.0,past,2017-06
2017-07-02,0.0,0.0,0.0,0.0,0.0,0.0,0.0,0.0,0.0,0.0,0.0,0.0,0.0,0.0,0.0,0.0,0.0,0.0,0.0,26.0,2017.0,past,2017-07
2017-07-09,0.0,0.0,0.0,0.0,0.0,0.0,0.0,0.0,0.0,0.0,0.0,0.0,0.0,0.0,0.0,0.0,0.0,0.0,0.0,27.0,2017.0,past,2017-07
2017-07-16,0.0,0.0,0.0,0.0,0.0,0.0,0.0,0.0,0.0,0.0,0.0,0.0,0.0,0.0,0.0,0.0,0.0,0.0,0.0,28.0,2017.0,past,2017-07
2017-07-23,0.0,0.0,0.0,0.0,0.0,0.0,0.0,0.0,0.0,0.0,0.0,0.0,0.0,0.0,0.0,0.0,0.0,0.0,0.0,29.0,2017.0,past,2017-07
2017-07-30,0.0,0.0,0.0,0.0,0.0,0.0,0.0,0.0,0.0,0.0,0.0,0.0,0.0,0.0,0.0,0.0,0.0,0.0,0.0,30.0,2017.0,past,2017-07
2017-08-06,0.0,0.0,0.0,0.0,0.0,0.0,0.0,0.0,0.0,0.0,0.0,0.0,0.0,0.0,0.0,0.0,0.0,0.0,0.0,31.0,2017.0,past,2017-08
2017-08-13,0.0,0.0,0.0,0.0,0.0,0.0,0.0,0.0,0.0,0.0,0.0,0.0,0.0,0.0,0.0,0.0,0.0,0.0,0.0,32.0,2017.0,past,2017-08
2017-08-20,0.0,0.0,0.0,0.0,0.0,0.0,0.0,0.0,0.0,0.0,0.0,0.0,0.0,0.0,0.0,0.0,0.0,0.0,0.0,33.0,2017.0,past,2017-08
2017-08-27,0.0,0.0,0.0,0.0,0.0,0.0,0.0,0.0,0.0,0.0,0.0,0.0,0.0,0.0,0.0,0.0,0.0,0.0,0.0,34.0,2017.0,past,2017-08
2017-09-03,0.0,0.0,0.0,0.0,0.0,0.0,0.0,0.0,0.0,0.0,0.0,0.0,0.0,0.0,0.0,0.0,0.0,0.0,0.0,35.0,2017.0,past,2017-09
2017-09-10,4.0,0.0,0.0,0.0,0.0,0.0,0.0,0.0,0.0,0.0,0.0,1.0,1.0,0.0,0.0,0.0,0.0,0.0,0.0,36.0,2017.0,past,2017-09
2017-09-17,3.0,4.0,4.0,0.0,0.0,0.0,0.0,0.0,0.0,0.0,0.0,36.0,35.0,1.0,1.0,0.0,0.0,0.0,0.0,37.0,2017.0,past,2017-09
2017-09-24,10.0,3.0,-1.0,4.0,4.0,0.0,0.0,0.0,0.0,0.0,0.0,92.0,56.0,36.0,35.0,1.0,1.0,1.0,1.0,38.0,2017.0,past,2017-09
2017-10-01,47.0,10.0,7.0,3.0,-1.0,4.0,4.0,0.0,0.0,0.0,0.0,138.0,46.0,92.0,56.0,36.0,35.0,36.0,35.0,39.0,2017.0,past,2017-10
2017-10-08,99.0,47.0,37.0,10.0,7.0,3.0,-1.0,4.0,4.0,0.0,0.0,195.0,57.0,138.0,46.0,92.0,56.0,92.0,56.0,40.0,2017.0,past,2017-10
2017-10-15,135.0,99.0,52.0,47.0,37.0,10.0,7.0,3.0,-1.0,4.0,4.0,189.0,-6.0,195.0,57.0,138.0,46.0,138.0,46.0,41.0,2017.0,past,2017-10
2017-10-22,66.0,135.0,36.0,99.0,52.0,47.0,37.0,10.0,7.0,3.0,-1.0,79.0,-110.0,189.0,-6.0,195.0,57.0,195.0,57.0,42.0,2017.0,past,2017-10
2017-10-29,38.0,66.0,-69.0,135.0,36.0,99.0,52.0,47.0,37.0,10.0,7.0,129.0,50.0,79.0,-110.0,189.0,-6.0,189.0,-6.0,43.0,2017.0,past,2017-10
2017-11-05,13.0,38.0,-28.0,66.0,-69.0,135.0,36.0,99.0,52.0,47.0,37.0,15.0,-114.0,129.0,50.0,79.0,-110.0,79.0,-110.0,44.0,2017.0,past,2017-11
2017-11-12,3.0,13.0,-25.0,38.0,-28.0,66.0,-69.0,135.0,36.0,99.0,52.0,4.0,-11.0,15.0,-114.0,129.0,50.0,129.0,50.0,45.0,2017.0,past,2017-11
2017-11-19,3.0,3.0,-10.0,13.0,-25.0,38.0,-28.0,66.0,-69.0,135.0,36.0,3.0,-1.0,4.0,-11.0,15.0,-114.0,15.0,-114.0,46.0,2017.0,past,2017-11
2017-11-26,1.0,3.0,0.0,3.0,-10.0,13.0,-25.0,38.0,-28.0,66.0,-69.0,10.0,7.0,3.0,-1.0,4.0,-11.0,4.0,-11.0,47.0,2017.0,past,2017-11
2017-12-03,0.0,1.0,-2.0,3.0,0.0,3.0,-10.0,13.0,-25.0,38.0,-28.0,0.0,-10.0,10.0,7.0,3.0,-1.0,3.0,-1.0,48.0,2017.0,past,2017-12
2017-12-10,0.0,0.0,-1.0,1.0,-2.0,3.0,0.0,3.0,-10.0,13.0,-25.0,0.0,0.0,0.0,-10.0,10.0,7.0,10.0,7.0,49.0,2017.0,past,2017-12
2017-12-17,0.0,0.0,0.0,0.0,-1.0,1.0,-2.0,3.0,0.0,3.0,-10.0,0.0,0.0,0.0,0.0,0.0,-10.0,0.0,-10.0,50.0,2017.0,past,2017-12
2017-12-24,0.0,0.0,0.0,0.0,0.0,0.0,-1.0,1.0,-2.0,3.0,0.0,0.0,0.0,0.0,0.0,0.0,0.0,0.0,0.0,51.0,2017.0,past,2017-12
2017-12-31,0.0,0.0,0.0,0.0,0.0,0.0,0.0,0.0,-1.0,1.0,-2.0,0.0,0.0,0.0,0.0,0.0,0.0,0.0,0.0,52.0,2017.0,past,2017-12
2018-01-07,0.0,0.0,0.0,0.0,0.0,0.0,0.0,0.0,0.0,0.0,-1.0,0.0,0.0,0.0,0.0,0.0,0.0,0.0,0.0,1.0,2018.0,past,2018-01
2018-01-14,0.0,0.0,0.0,0.0,0.0,0.0,0.0,0.0,0.0,0.0,0.0,0.0,0.0,0.0,0.0,0.0,0.0,0.0,0.0,2.0,2018.0,past,2018-01
2018-01-21,0.0,0.0,0.0,0.0,0.0,0.0,0.0,0.0,0.0,0.0,0.0,0.0,0.0,0.0,0.0,0.0,0.0,0.0,0.0,3.0,2018.0,past,2018-01
2018-01-28,0.0,0.0,0.0,0.0,0.0,0.0,0.0,0.0,0.0,0.0,0.0,0.0,0.0,0.0,0.0,0.0,0.0,0.0,0.0,4.0,2018.0,past,2018-01
2018-02-04,0.0,0.0,0.0,0.0,0.0,0.0,0.0,0.0,0.0,0.0,0.0,0.0,0.0,0.0,0.0,0.0,0.0,0.0,0.0,5.0,2018.0,past,2018-02
2018-02-11,0.0,0.0,0.0,0.0,0.0,0.0,0.0,0.0,0.0,0.0,0.0,0.0,0.0,0.0,0.0,0.0,0.0,0.0,0.0,6.0,2018.0,past,2018-02
2018-02-18,0.0,0.0,0.0,0.0,0.0,0.0,0.0,0.0,0.0,0.0,0.0,0.0,0.0,0.0,0.0,0.0,0.0,0.0,0.0,7.0,2018.0,past,2018-02
2018-02-25,0.0,0.0,0.0,0.0,0.0,0.0,0.0,0.0,0.0,0.0,0.0,0.0,0.0,0.0,0.0,0.0,0.0,0.0,0.0,8.0,2018.0,past,2018-02
2018-03-04,0.0,0.0,0.0,0.0,0.0,0.0,0.0,0.0,0.0,0.0,0.0,0.0,0.0,0.0,0.0,0.0,0.0,0.0,0.0,9.0,2018.0,past,2018-03
2018-03-11,0.0,0.0,0.0,0.0,0.0,0.0,0.0,0.0,0.0,0.0,0.0,0.0,0.0,0.0,0.0,0.0,0.0,0.0,0.0,10.0,2018.0,past,2018-03
2018-03-18,0.0,0.0,0.0,0.0,0.0,0.0,0.0,0.0,0.0,0.0,0.0,0.0,0.0,0.0,0.0,0.0,0.0,0.0,0.0,11.0,2018.0,past,2018-03
2018-03-25,0.0,0.0,0.0,0.0,0.0,0.0,0.0,0.0,0.0,0.0,0.0,0.0,0.0,0.0,0.0,0.0,0.0,0.0,0.0,12.0,2018.0,past,2018-03
2018-04-01,28.0,0.0,0.0,0.0,0.0,0.0,0.0,0.0,0.0,0.0,0.0,28.0,28.0,0.0,0.0,0.0,0.0,0.0,0.0,13.0,2018.0,past,2018-04
2018-04-08,68.0,28.0,28.0,0.0,0.0,0.0,0.0,0.0,0.0,0.0,0.0,129.0,101.0,28.0,28.0,0.0,0.0,0.0,0.0,14.0,2018.0,past,2018-04
2018-04-15,101.0,68.0,40.0,28.0,28.0,0.0,0.0,0.0,0.0,0.0,0.0,109.0,-20.0,129.0,101.0,28.0,28.0,28.0,28.0,15.0,2018.0,past,2018-04
2018-04-22,111.0,101.0,33.0,68.0,40.0,28.0,28.0,0.0,0.0,0.0,0.0,137.0,28.0,109.0,-20.0,129.0,101.0,129.0,101.0,16.0,2018.0,past,2018-04
2018-04-29,56.0,111.0,10.0,101.0,33.0,68.0,40.0,28.0,28.0,0.0,0.0,45.0,-92.0,137.0,28.0,109.0,-20.0,109.0,-20.0,17.0,2018.0,past,2018-04
2018-05-06,24.0,56.0,-55.0,111.0,10.0,101.0,33.0,68.0,40.0,28.0,28.0,8.0,-37.0,45.0,-92.0,137.0,28.0,137.0,28.0,18.0,2018.0,past,2018-05
2018-05-13,2.0,24.0,-32.0,56.0,-55.0,111.0,10.0,101.0,33.0,68.0,40.0,1.0,-7.0,8.0,-37.0,45.0,-92.0,45.0,-92.0,19.0,2018.0,past,2018-05
2018-05-20,0.0,2.0,-22.0,24.0,-32.0,56.0,-55.0,111.0,10.0,101.0,33.0,0.0,-1.0,1.0,-7.0,8.0,-37.0,8.0,-37.0,20.0,2018.0,past,2018-05
2018-05-27,0.0,0.0,-2.0,2.0,-22.0,24.0,-32.0,56.0,-55.0,111.0,10.0,0.0,0.0,0.0,-1.0,1.0,-7.0,1.0,-7.0,21.0,2018.0,past,2018-05
2018-06-03,0.0,0.0,0.0,0.0,-2.0,2.0,-22.0,24.0,-32.0,56.0,-55.0,0.0,0.0,0.0,0.0,0.0,-1.0,0.0,-1.0,22.0,2018.0,past,2018-06
2018-06-10,0.0,0.0,0.0,0.0,0.0,0.0,-2.0,2.0,-22.0,24.0,-32.0,0.0,0.0,0.0,0.0,0.0,0.0,0.0,0.0,23.0,2018.0,past,2018-06
2018-06-17,0.0,0.0,0.0,0.0,0.0,0.0,0.0,0.0,-2.0,2.0,-22.0,0.0,0.0,0.0,0.0,0.0,0.0,0.0,0.0,24.0,2018.0,past,2018-06
2018-06-24,0.0,0.0,0.0,0.0,0.0,0.0,0.0,0.0,0.0,0.0,-2.0,0.0,0.0,0.0,0.0,0.0,0.0,0.0,0.0,25.0,2018.0,past,2018-06
2018-07-01,0.0,0.0,0.0,0.0,0.0,0.0,0.0,0.0,0.0,0.0,0.0,0.0,0.0,0.0,0.0,0.0,0.0,0.0,0.0,26.0,2018.0,past,2018-07
2018-07-08,0.0,0.0,0.0,0.0,0.0,0.0,0.0,0.0,0.0,0.0,0.0,0.0,0.0,0.0,0.0,0.0,0.0,0.0,0.0,27.0,2018.0,past,2018-07
2018-07-15,0.0,0.0,0.0,0.0,0.0,0.0,0.0,0.0,0.0,0.0,0.0,0.0,0.0,0.0,0.0,0.0,0.0,0.0,0.0,28.0,2018.0,past,2018-07
2018-07-22,0.0,0.0,0.0,0.0,0.0,0.0,0.0,0.0,0.0,0.0,0.0,0.0,0.0,0.0,0.0,0.0,0.0,0.0,0.0,29.0,2018.0,past,2018-07
2018-07-29,0.0,0.0,0.0,0.0,0.0,0.0,0.0,0.0,0.0,0.0,0.0,0.0,0.0,0.0,0.0,0.0,0.0,0.0,0.0,30.0,2018.0,past,2018-07
2018-08-05,0.0,0.0,0.0,0.0,0.0,0.0,0.0,0.0,0.0,0.0,0.0,0.0,0.0,0.0,0.0,0.0,0.0,0.0,0.0,31.0,2018.0,past,2018-08
2018-08-12,0.0,0.0,0.0,0.0,0.0,0.0,0.0,0.0,0.0,0.0,0.0,0.0,0.0,0.0,0.0,0.0,0.0,0.0,0.0,32.0,2018.0,past,2018-08
2018-08-19,0.0,0.0,0.0,0.0,0.0,0.0,0.0,0.0,0.0,0.0,0.0,0.0,0.0,0.0,0.0,0.0,0.0,0.0,0.0,33.0,2018.0,past,2018-08
2018-08-26,0.0,0.0,0.0,0.0,0.0,0.0,0.0,0.0,0.0,0.0,0.0,0.0,0.0,0.0,0.0,0.0,0.0,0.0,0.0,34.0,2018.0,past,2018-08
2018-09-02,0.0,0.0,0.0,0.0,0.0,0.0,0.0,0.0,0.0,0.0,0.0,0.0,0.0,0.0,0.0,0.0,0.0,0.0,0.0,35.0,2018.0,past,2018-09
2018-09-09,0.0,0.0,0.0,0.0,0.0,0.0,0.0,0.0,0.0,0.0,0.0,4.0,4.0,0.0,0.0,0.0,0.0,0.0,0.0,36.0,2018.0,past,2018-09
2018-09-16,0.0,0.0,0.0,0.0,0.0,0.0,0.0,0.0,0.0,0.0,0.0,3.0,-1.0,4.0,4.0,0.0,0.0,0.0,0.0,37.0,2018.0,past,2018-09
2018-09-23,3.0,0.0,0.0,0.0,0.0,0.0,0.0,0.0,0.0,0.0,0.0,10.0,7.0,3.0,-1.0,4.0,4.0,4.0,4.0,38.0,2018.0,past,2018-09
2018-09-30,82.0,3.0,3.0,0.0,0.0,0.0,0.0,0.0,0.0,0.0,0.0,47.0,37.0,10.0,7.0,3.0,-1.0,3.0,-1.0,39.0,2018.0,past,2018-09
2018-10-07,179.0,82.0,79.0,3.0,3.0,0.0,0.0,0.0,0.0,0.0,0.0,99.0,52.0,47.0,37.0,10.0,7.0,10.0,7.0,40.0,2018.0,past,2018-10
2018-10-14,153.0,179.0,97.0,82.0,79.0,3.0,3.0,0.0,0.0,0.0,0.0,135.0,36.0,99.0,52.0,47.0,37.0,47.0,37.0,41.0,2018.0,past,2018-10
2018-10-21,85.0,153.0,-26.0,179.0,97.0,82.0,79.0,3.0,3.0,0.0,0.0,66.0,-69.0,135.0,36.0,99.0,52.0,99.0,52.0,42.0,2018.0,past,2018-10
2018-10-28,103.0,85.0,-68.0,153.0,-26.0,179.0,97.0,82.0,79.0,3.0,3.0,38.0,-28.0,66.0,-69.0,135.0,36.0,135.0,36.0,43.0,2018.0,past,2018-10
2018-11-04,150.0,103.0,18.0,85.0,-68.0,153.0,-26.0,179.0,97.0,82.0,79.0,13.0,-25.0,38.0,-28.0,66.0,-69.0,66.0,-69.0,44.0,2018.0,past,2018-11
2018-11-11,25.0,150.0,47.0,103.0,18.0,85.0,-68.0,153.0,-26.0,179.0,97.0,3.0,-10.0,13.0,-25.0,38.0,-28.0,38.0,-28.0,45.0,2018.0,past,2018-11
2018-11-18,6.0,25.0,-125.0,150.0,47.0,103.0,18.0,85.0,-68.0,153.0,-26.0,3.0,0.0,3.0,-10.0,13.0,-25.0,13.0,-25.0,46.0,2018.0,past,2018-11
2018-11-25,1.0,6.0,-19.0,25.0,-125.0,150.0,47.0,103.0,18.0,85.0,-68.0,1.0,-2.0,3.0,0.0,3.0,-10.0,3.0,-10.0,47.0,2018.0,past,2018-11
2018-12-02,0.0,1.0,-5.0,6.0,-19.0,25.0,-125.0,150.0,47.0,103.0,18.0,0.0,-1.0,1.0,-2.0,3.0,0.0,3.0,0.0,48.0,2018.0,past,2018-12
2018-12-09,4.0,0.0,-1.0,1.0,-5.0,6.0,-19.0,25.0,-125.0,150.0,47.0,0.0,0.0,0.0,-1.0,1.0,-2.0,1.0,-2.0,49.0,2018.0,past,2018-12
2018-12-16,3.0,4.0,4.0,0.0,-1.0,1.0,-5.0,6.0,-19.0,25.0,-125.0,0.0,0.0,0.0,0.0,0.0,-1.0,0.0,-1.0,50.0,2018.0,past,2018-12
2018-12-23,0.0,3.0,-1.0,4.0,4.0,0.0,-1.0,1.0,-5.0,6.0,-19.0,0.0,0.0,0.0,0.0,0.0,0.0,0.0,0.0,51.0,2018.0,past,2018-12
2018-12-30,6.0,0.0,-3.0,3.0,-1.0,4.0,4.0,0.0,-1.0,1.0,-5.0,0.0,0.0,0.0,0.0,0.0,0.0,0.0,0.0,52.0,2018.0,past,2018-12
2019-02-24,0.0,0.0,0.0,0.0,0.0,0.0,-1.0,1.0,1.0,0.0,0.0,0.0,0.0,0.0,0.0,0.0,0.0,0.0,0.0,8.0,2019.0,past,2019-02
2019-03-03,0.0,0.0,0.0,0.0,0.0,0.0,0.0,0.0,-1.0,1.0,1.0,0.0,0.0,0.0,0.0,0.0,0.0,0.0,0.0,9.0,2019.0,past,2019-03
2019-03-10,0.0,0.0,0.0,0.0,0.0,0.0,0.0,0.0,0.0,0.0,-1.0,0.0,0.0,0.0,0.0,0.0,0.0,0.0,0.0,10.0,2019.0,past,2019-03
2019-03-17,0.0,0.0,0.0,0.0,0.0,0.0,0.0,0.0,0.0,0.0,0.0,0.0,0.0,0.0,0.0,0.0,0.0,0.0,0.0,11.0,2019.0,past,2019-03
2019-03-24,0.0,0.0,0.0,0.0,0.0,0.0,0.0,0.0,0.0,0.0,0.0,0.0,0.0,0.0,0.0,0.0,0.0,0.0,0.0,12.0,2019.0,past,2019-03
2019-03-31,0.0,0.0,0.0,0.0,0.0,0.0,0.0,0.0,0.0,0.0,0.0,28.0,28.0,0.0,0.0,0.0,0.0,0.0,0.0,13.0,2019.0,past,2019-03
2019-04-07,7.0,0.0,0.0,0.0,0.0,0.0,0.0,0.0,0.0,0.0,0.0,68.0,40.0,28.0,28.0,0.0,0.0,0.0,0.0,14.0,2019.0,past,2019-04
2019-04-14,98.0,7.0,7.0,0.0,0.0,0.0,0.0,0.0,0.0,0.0,0.0,101.0,33.0,68.0,40.0,28.0,28.0,28.0,28.0,15.0,2019.0,past,2019-04
2019-04-21,222.0,98.0,91.0,7.0,7.0,0.0,0.0,0.0,0.0,0.0,0.0,111.0,10.0,101.0,33.0,68.0,40.0,68.0,40.0,16.0,2019.0,past,2019-04
2019-04-28,87.0,222.0,124.0,98.0,91.0,7.0,7.0,0.0,0.0,0.0,0.0,56.0,-55.0,111.0,10.0,101.0,33.0,101.0,33.0,17.0,2019.0,past,2019-04
2019-05-05,23.0,87.0,-135.0,222.0,124.0,98.0,91.0,7.0,7.0,0.0,0.0,24.0,-32.0,56.0,-55.0,111.0,10.0,111.0,10.0,18.0,2019.0,past,2019-05
2019-05-12,35.0,23.0,-64.0,87.0,-135.0,222.0,124.0,98.0,91.0,7.0,7.0,2.0,-22.0,24.0,-32.0,56.0,-55.0,56.0,-55.0,19.0,2019.0,past,2019-05
2019-05-19,4.0,35.0,12.0,23.0,-64.0,87.0,-135.0,222.0,124.0,98.0,91.0,0.0,-2.0,2.0,-22.0,24.0,-32.0,24.0,-32.0,20.0,2019.0,past,2019-05
2019-05-26,0.0,4.0,-31.0,35.0,12.0,23.0,-64.0,87.0,-135.0,222.0,124.0,0.0,0.0,0.0,-2.0,2.0,-22.0,2.0,-22.0,21.0,2019.0,past,2019-05
2019-06-02,1.0,0.0,-4.0,4.0,-31.0,35.0,12.0,23.0,-64.0,87.0,-135.0,0.0,0.0,0.0,0.0,0.0,-2.0,0.0,-2.0,22.0,2019.0,past,2019-06
2019-06-09,0.0,1.0,1.0,0.0,-4.0,4.0,-31.0,35.0,12.0,23.0,-64.0,0.0,0.0,0.0,0.0,0.0,0.0,0.0,0.0,23.0,2019.0,past,2019-06
2019-06-16,0.0,0.0,-1.0,1.0,1.0,0.0,-4.0,4.0,-31.0,35.0,12.0,0.0,0.0,0.0,0.0,0.0,0.0,0.0,0.0,24.0,2019.0,past,2019-06
2019-06-23,0.0,0.0,0.0,0.0,-1.0,1.0,1.0,0.0,-4.0,4.0,-31.0,0.0,0.0,0.0,0.0,0.0,0.0,0.0,0.0,25.0,2019.0,past,2019-06
2019-06-30,0.0,0.0,0.0,0.0,0.0,0.0,-1.0,1.0,1.0,0.0,-4.0,0.0,0.0,0.0,0.0,0.0,0.0,0.0,0.0,26.0,2019.0,past,2019-06
2019-07-07,0.0,0.0,0.0,0.0,0.0,0.0,0.0,0.0,-1.0,1.0,1.0,0.0,0.0,0.0,0.0,0.0,0.0,0.0,0.0,27.0,2019.0,past,2019-07
2019-07-14,0.0,0.0,0.0,0.0,0.0,0.0,0.0,0.0,0.0,0.0,-1.0,0.0,0.0,0.0,0.0,0.0,0.0,0.0,0.0,28.0,2019.0,past,2019-07
2019-07-21,0.0,0.0,0.0,0.0,0.0,0.0,0.0,0.0,0.0,0.0,0.0,0.0,0.0,0.0,0.0,0.0,0.0,0.0,0.0,29.0,2019.0,past,2019-07
2019-07-28,0.0,0.0,0.0,0.0,0.0,0.0,0.0,0.0,0.0,0.0,0.0,0.0,0.0,0.0,0.0,0.0,0.0,0.0,0.0,30.0,2019.0,past,2019-07
2019-08-04,0.0,0.0,0.0,0.0,0.0,0.0,0.0,0.0,0.0,0.0,0.0,0.0,0.0,0.0,0.0,0.0,0.0,0.0,0.0,31.0,2019.0,past,2019-08
2019-08-11,0.0,0.0,0.0,0.0,0.0,0.0,0.0,0.0,0.0,0.0,0.0,0.0,0.0,0.0,0.0,0.0,0.0,0.0,0.0,32.0,2019.0,past,2019-08
2019-08-18,0.0,0.0,0.0,0.0,0.0,0.0,0.0,0.0,0.0,0.0,0.0,0.0,0.0,0.0,0.0,0.0,0.0,0.0,0.0,33.0,2019.0,past,2019-08
2019-08-25,0.0,0.0,0.0,0.0,0.0,0.0,0.0,0.0,0.0,0.0,0.0,0.0,0.0,0.0,0.0,0.0,0.0,0.0,0.0,34.0,2019.0,past,2019-08
2019-09-01,0.0,0.0,0.0,0.0,0.0,0.0,0.0,0.0,0.0,0.0,0.0,0.0,0.0,0.0,0.0,0.0,0.0,0.0,0.0,35.0,2019.0,past,2019-09
2019-09-08,0.0,0.0,0.0,0.0,0.0,0.0,0.0,0.0,0.0,0.0,0.0,0.0,0.0,0.0,0.0,0.0,0.0,0.0,0.0,36.0,2019.0,past,2019-09
2019-09-15,0.0,0.0,0.0,0.0,0.0,0.0,0.0,0.0,0.0,0.0,0.0,0.0,0.0,0.0,0.0,0.0,0.0,0.0,0.0,37.0,2019.0,past,2019-09
2019-09-22,0.0,0.0,0.0,0.0,0.0,0.0,0.0,0.0,0.0,0.0,0.0,3.0,3.0,0.0,0.0,0.0,0.0,0.0,0.0,38.0,2019.0,past,2019-09
2019-09-29,7.0,0.0,0.0,0.0,0.0,0.0,0.0,0.0,0.0,0.0,0.0,82.0,79.0,3.0,3.0,0.0,0.0,0.0,0.0,39.0,2019.0,past,2019-09
2019-10-06,60.0,7.0,7.0,0.0,0.0,0.0,0.0,0.0,0.0,0.0,0.0,179.0,97.0,82.0,79.0,3.0,3.0,3.0,3.0,40.0,2019.0,past,2019-10
2019-10-13,131.0,60.0,53.0,7.0,7.0,0.0,0.0,0.0,0.0,0.0,0.0,153.0,-26.0,179.0,97.0,82.0,79.0,82.0,79.0,41.0,2019.0,past,2019-10
2019-10-20,140.0,131.0,71.0,60.0,53.0,7.0,7.0,0.0,0.0,0.0,0.0,85.0,-68.0,153.0,-26.0,179.0,97.0,179.0,97.0,42.0,2019.0,past,2019-10
2019-10-27,108.0,140.0,9.0,131.0,71.0,60.0,53.0,7.0,7.0,0.0,0.0,103.0,18.0,85.0,-68.0,153.0,-26.0,153.0,-26.0,43.0,2019.0,past,2019-10
2019-11-03,159.0,108.0,-32.0,140.0,9.0,131.0,71.0,60.0,53.0,7.0,7.0,150.0,47.0,103.0,18.0,85.0,-68.0,85.0,-68.0,44.0,2019.0,past,2019-11
2019-11-10,38.0,159.0,51.0,108.0,-32.0,140.0,9.0,131.0,71.0,60.0,53.0,25.0,-125.0,150.0,47.0,103.0,18.0,103.0,18.0,45.0,2019.0,past,2019-11
2019-11-17,7.0,38.0,-121.0,159.0,51.0,108.0,-32.0,140.0,9.0,131.0,71.0,6.0,-19.0,25.0,-125.0,150.0,47.0,150.0,47.0,46.0,2019.0,past,2019-11
2019-11-24,0.0,7.0,-31.0,38.0,-121.0,159.0,51.0,108.0,-32.0,140.0,9.0,1.0,-5.0,6.0,-19.0,25.0,-125.0,25.0,-125.0,47.0,2019.0,past,2019-11
2019-12-01,0.0,0.0,-7.0,7.0,-31.0,38.0,-121.0,159.0,51.0,108.0,-32.0,0.0,-1.0,1.0,-5.0,6.0,-19.0,6.0,-19.0,48.0,2019.0,past,2019-12
2019-12-08,0.0,0.0,0.0,0.0,-7.0,7.0,-31.0,38.0,-121.0,159.0,51.0,4.0,4.0,0.0,-1.0,1.0,-5.0,1.0,-5.0,49.0,2019.0,past,2019-12
2019-12-15,0.0,0.0,0.0,0.0,0.0,0.0,-7.0,7.0,-31.0,38.0,-121.0,3.0,-1.0,4.0,4.0,0.0,-1.0,0.0,-1.0,50.0,2019.0,past,2019-12
2019-12-22,0.0,0.0,0.0,0.0,0.0,0.0,0.0,0.0,-7.0,7.0,-31.0,0.0,-3.0,3.0,-1.0,4.0,4.0,4.0,4.0,51.0,2019.0,past,2019-12
2019-12-29,0.0,0.0,0.0,0.0,0.0,0.0,0.0,0.0,0.0,0.0,-7.0,6.0,6.0,0.0,-3.0,3.0,-1.0,3.0,-1.0,52.0,2019.0,past,2019-12
2020-02-02,0.0,0.0,0.0,0.0,0.0,0.0,-1.0,1.0,1.0,0.0,0.0,0.0,-1.0,1.0,1.0,0.0,0.0,0.0,0.0,5.0,2020.0,past,2020-02
2020-02-09,0.0,0.0,0.0,0.0,0.0,0.0,0.0,0.0,-1.0,1.0,1.0,0.0,0.0,0.0,-1.0,1.0,1.0,1.0,1.0,6.0,2020.0,past,2020-02
2020-02-16,0.0,0.0,0.0,0.0,0.0,0.0,0.0,0.0,0.0,0.0,-1.0,0.0,0.0,0.0,0.0,0.0,-1.0,0.0,-1.0,7.0,2020.0,past,2020-02
2020-02-23,0.0,0.0,0.0,0.0,0.0,0.0,0.0,0.0,0.0,0.0,0.0,0.0,0.0,0.0,0.0,0.0,0.0,0.0,0.0,8.0,2020.0,past,2020-02
2020-03-01,0.0,0.0,0.0,0.0,0.0,0.0,0.0,0.0,0.0,0.0,0.0,0.0,0.0,0.0,0.0,0.0,0.0,0.0,0.0,9.0,2020.0,past,2020-03
2020-03-08,0.0,0.0,0.0,0.0,0.0,0.0,0.0,0.0,0.0,0.0,0.0,0.0,0.0,0.0,0.0,0.0,0.0,0.0,0.0,10.0,2020.0,past,2020-03
2020-03-15,0.0,0.0,0.0,0.0,0.0,0.0,0.0,0.0,0.0,0.0,0.0,0.0,0.0,0.0,0.0,0.0,0.0,0.0,0.0,11.0,2020.0,past,2020-03
2020-03-22,0.0,0.0,0.0,0.0,0.0,0.0,0.0,0.0,0.0,0.0,0.0,0.0,0.0,0.0,0.0,0.0,0.0,0.0,0.0,12.0,2020.0,past,2020-03
2020-03-29,0.0,0.0,0.0,0.0,0.0,0.0,0.0,0.0,0.0,0.0,0.0,0.0,0.0,0.0,0.0,0.0,0.0,0.0,0.0,13.0,2020.0,past,2020-03
2020-04-05,0.0,0.0,0.0,0.0,0.0,0.0,0.0,0.0,0.0,0.0,0.0,7.0,7.0,0.0,0.0,0.0,0.0,0.0,0.0,14.0,2020.0,past,2020-04
2020-04-12,41.0,0.0,0.0,0.0,0.0,0.0,0.0,0.0,0.0,0.0,0.0,98.0,91.0,7.0,7.0,0.0,0.0,0.0,0.0,15.0,2020.0,past,2020-04
2020-04-19,229.0,41.0,41.0,0.0,0.0,0.0,0.0,0.0,0.0,0.0,0.0,222.0,124.0,98.0,91.0,7.0,7.0,7.0,7.0,16.0,2020.0,past,2020-04
2020-04-26,250.0,229.0,188.0,41.0,41.0,0.0,0.0,0.0,0.0,0.0,0.0,87.0,-135.0,222.0,124.0,98.0,91.0,98.0,91.0,17.0,2020.0,past,2020-04
2020-05-03,112.0,250.0,21.0,229.0,188.0,41.0,41.0,0.0,0.0,0.0,0.0,23.0,-64.0,87.0,-135.0,222.0,124.0,222.0,124.0,18.0,2020.0,past,2020-05
2020-05-10,43.0,112.0,-138.0,250.0,21.0,229.0,188.0,41.0,41.0,0.0,0.0,35.0,12.0,23.0,-64.0,87.0,-135.0,87.0,-135.0,19.0,2020.0,past,2020-05
2020-05-17,12.0,43.0,-69.0,112.0,-138.0,250.0,21.0,229.0,188.0,41.0,41.0,4.0,-31.0,35.0,12.0,23.0,-64.0,23.0,-64.0,20.0,2020.0,past,2020-05
2020-05-24,12.0,12.0,-31.0,43.0,-69.0,112.0,-138.0,250.0,21.0,229.0,188.0,0.0,-4.0,4.0,-31.0,35.0,12.0,35.0,12.0,21.0,2020.0,past,2020-05
2020-05-31,0.0,12.0,0.0,12.0,-31.0,43.0,-69.0,112.0,-138.0,250.0,21.0,1.0,1.0,0.0,-4.0,4.0,-31.0,4.0,-31.0,22.0,2020.0,past,2020-05
2020-06-07,0.0,0.0,-12.0,12.0,0.0,12.0,-31.0,43.0,-69.0,112.0,-138.0,0.0,-1.0,1.0,1.0,0.0,-4.0,0.0,-4.0,23.0,2020.0,past,2020-06
2020-06-14,0.0,0.0,0.0,0.0,-12.0,12.0,0.0,12.0,-31.0,43.0,-69.0,0.0,0.0,0.0,-1.0,1.0,1.0,1.0,1.0,24.0,2020.0,past,2020-06
2020-06-21,0.0,0.0,0.0,0.0,0.0,0.0,-12.0,12.0,0.0,12.0,-31.0,0.0,0.0,0.0,0.0,0.0,-1.0,0.0,-1.0,25.0,2020.0,past,2020-06
2020-06-28,0.0,0.0,0.0,0.0,0.0,0.0,0.0,0.0,-12.0,12.0,0.0,0.0,0.0,0.0,0.0,0.0,0.0,0.0,0.0,26.0,2020.0,past,2020-06
2020-07-05,0.0,0.0,0.0,0.0,0.0,0.0,0.0,0.0,0.0,0.0,-12.0,0.0,0.0,0.0,0.0,0.0,0.0,0.0,0.0,27.0,2020.0,past,2020-07
2020-07-12,0.0,0.0,0.0,0.0,0.0,0.0,0.0,0.0,0.0,0.0,0.0,0.0,0.0,0.0,0.0,0.0,0.0,0.0,0.0,28.0,2020.0,past,2020-07
2020-07-19,0.0,0.0,0.0,0.0,0.0,0.0,0.0,0.0,0.0,0.0,0.0,0.0,0.0,0.0,0.0,0.0,0.0,0.0,0.0,29.0,2020.0,past,2020-07
2020-07-26,0.0,0.0,0.0,0.0,0.0,0.0,0.0,0.0,0.0,0.0,0.0,0.0,0.0,0.0,0.0,0.0,0.0,0.0,0.0,30.0,2020.0,past,2020-07
2020-08-02,0.0,0.0,0.0,0.0,0.0,0.0,0.0,0.0,0.0,0.0,0.0,0.0,0.0,0.0,0.0,0.0,0.0,0.0,0.0,31.0,2020.0,past,2020-08
2020-08-09,0.0,0.0,0.0,0.0,0.0,0.0,0.0,0.0,0.0,0.0,0.0,0.0,0.0,0.0,0.0,0.0,0.0,0.0,0.0,32.0,2020.0,past,2020-08
2020-08-16,0.0,0.0,0.0,0.0,0.0,0.0,0.0,0.0,0.0,0.0,0.0,0.0,0.0,0.0,0.0,0.0,0.0,0.0,0.0,33.0,2020.0,past,2020-08
2020-08-23,0.0,0.0,0.0,0.0,0.0,0.0,0.0,0.0,0.0,0.0,0.0,0.0,0.0,0.0,0.0,0.0,0.0,0.0,0.0,34.0,2020.0,past,2020-08
2020-08-30,0.0,0.0,0.0,0.0,0.0,0.0,0.0,0.0,0.0,0.0,0.0,0.0,0.0,0.0,0.0,0.0,0.0,0.0,0.0,35.0,2020.0,past,2020-08
2020-09-06,0.0,0.0,0.0,0.0,0.0,0.0,0.0,0.0,0.0,0.0,0.0,0.0,0.0,0.0,0.0,0.0,0.0,0.0,0.0,36.0,2020.0,past,2020-09
2020-09-13,0.0,0.0,0.0,0.0,0.0,0.0,0.0,0.0,0.0,0.0,0.0,0.0,0.0,0.0,0.0,0.0,0.0,0.0,0.0,37.0,2020.0,past,2020-09
2020-09-20,2.0,0.0,0.0,0.0,0.0,0.0,0.0,0.0,0.0,0.0,0.0,0.0,0.0,0.0,0.0,0.0,0.0,0.0,0.0,38.0,2020.0,past,2020-09
2020-09-27,28.0,2.0,2.0,0.0,0.0,0.0,0.0,0.0,0.0,0.0,0.0,7.0,7.0,0.0,0.0,0.0,0.0,0.0,0.0,39.0,2020.0,past,2020-09
2020-10-04,49.0,28.0,26.0,2.0,2.0,0.0,0.0,0.0,0.0,0.0,0.0,60.0,53.0,7.0,7.0,0.0,0.0,0.0,0.0,40.0,2020.0,past,2020-10
2020-10-11,146.0,49.0,21.0,28.0,26.0,2.0,2.0,0.0,0.0,0.0,0.0,131.0,71.0,60.0,53.0,7.0,7.0,7.0,7.0,41.0,2020.0,past,2020-10
2020-10-18,238.0,146.0,97.0,49.0,21.0,28.0,26.0,2.0,2.0,0.0,0.0,140.0,9.0,131.0,71.0,60.0,53.0,60.0,53.0,42.0,2020.0,past,2020-10
2020-10-25,268.0,238.0,92.0,146.0,97.0,49.0,21.0,28.0,26.0,2.0,2.0,108.0,-32.0,140.0,9.0,131.0,71.0,131.0,71.0,43.0,2020.0,past,2020-10
2020-11-01,228.0,268.0,30.0,238.0,92.0,146.0,97.0,49.0,21.0,28.0,26.0,159.0,51.0,108.0,-32.0,140.0,9.0,140.0,9.0,44.0,2020.0,past,2020-11
2020-11-08,67.0,228.0,-40.0,268.0,30.0,238.0,92.0,146.0,97.0,49.0,21.0,38.0,-121.0,159.0,51.0,108.0,-32.0,108.0,-32.0,45.0,2020.0,past,2020-11
2020-11-15,87.0,67.0,-161.0,228.0,-40.0,268.0,30.0,238.0,92.0,146.0,97.0,7.0,-31.0,38.0,-121.0,159.0,51.0,159.0,51.0,46.0,2020.0,past,2020-11
2020-11-22,19.0,87.0,20.0,67.0,-161.0,228.0,-40.0,268.0,30.0,238.0,92.0,0.0,-7.0,7.0,-31.0,38.0,-121.0,38.0,-121.0,47.0,2020.0,past,2020-11
2020-11-29,3.0,19.0,-68.0,87.0,20.0,67.0,-161.0,228.0,-40.0,268.0,30.0,0.0,0.0,0.0,-7.0,7.0,-31.0,7.0,-31.0,48.0,2020.0,past,2020-11
2020-12-06,2.0,3.0,-16.0,19.0,-68.0,87.0,20.0,67.0,-161.0,228.0,-40.0,0.0,0.0,0.0,0.0,0.0,-7.0,0.0,-7.0,49.0,2020.0,past,2020-12
2020-12-13,0.0,2.0,-1.0,3.0,-16.0,19.0,-68.0,87.0,20.0,67.0,-161.0,0.0,0.0,0.0,0.0,0.0,0.0,0.0,0.0,50.0,2020.0,past,2020-12
2020-12-20,0.0,0.0,-2.0,2.0,-1.0,3.0,-16.0,19.0,-68.0,87.0,20.0,0.0,0.0,0.0,0.0,0.0,0.0,0.0,0.0,51.0,2020.0,past,2020-12
2020-12-27,0.0,0.0,0.0,0.0,-2.0,2.0,-1.0,3.0,-16.0,19.0,-68.0,0.0,0.0,0.0,0.0,0.0,0.0,0.0,0.0,52.0,2020.0,past,2020-12
2021-01-03,0.0,0.0,0.0,0.0,0.0,0.0,-2.0,2.0,-1.0,3.0,-16.0,1.0,1.0,0.0,0.0,0.0,0.0,0.0,0.0,53.0,2021.0,past,2021-01
2021-01-10,0.0,0.0,0.0,0.0,0.0,0.0,0.0,0.0,-2.0,2.0,-1.0,0.0,-1.0,1.0,1.0,0.0,0.0,0.0,0.0,1.0,2021.0,past,2021-01
2021-01-17,0.0,0.0,0.0,0.0,0.0,0.0,0.0,0.0,0.0,0.0,-2.0,0.0,0.0,0.0,-1.0,1.0,1.0,1.0,1.0,2.0,2021.0,past,2021-01
2021-01-24,0.0,0.0,0.0,0.0,0.0,0.0,0.0,0.0,0.0,0.0,0.0,0.0,0.0,0.0,0.0,0.0,-1.0,0.0,-1.0,3.0,2021.0,past,2021-01
2021-01-31,0.0,0.0,0.0,0.0,0.0,0.0,0.0,0.0,0.0,0.0,0.0,0.0,0.0,0.0,0.0,0.0,0.0,0.0,0.0,4.0,2021.0,past,2021-01
2021-02-07,0.0,0.0,0.0,0.0,0.0,0.0,0.0,0.0,0.0,0.0,0.0,0.0,0.0,0.0,0.0,0.0,0.0,0.0,0.0,5.0,2021.0,past,2021-02
2021-02-14,0.0,0.0,0.0,0.0,0.0,0.0,0.0,0.0,0.0,0.0,0.0,0.0,0.0,0.0,0.0,0.0,0.0,0.0,0.0,6.0,2021.0,past,2021-02
2021-02-21,0.0,0.0,0.0,0.0,0.0,0.0,0.0,0.0,0.0,0.0,0.0,0.0,0.0,0.0,0.0,0.0,0.0,0.0,0.0,7.0,2021.0,past,2021-02
2021-02-28,0.0,0.0,0.0,0.0,0.0,0.0,0.0,0.0,0.0,0.0,0.0,0.0,0.0,0.0,0.0,0.0,0.0,0.0,0.0,8.0,2021.0,past,2021-02
2021-03-07,0.0,0.0,0.0,0.0,0.0,0.0,0.0,0.0,0.0,0.0,0.0,0.0,0.0,0.0,0.0,0.0,0.0,0.0,0.0,9.0,2021.0,past,2021-03
2021-03-14,0.0,0.0,0.0,0.0,0.0,0.0,0.0,0.0,0.0,0.0,0.0,0.0,0.0,0.0,0.0,0.0,0.0,0.0,0.0,10.0,2021.0,past,2021-03
2021-03-21,0.0,0.0,0.0,0.0,0.0,0.0,0.0,0.0,0.0,0.0,0.0,0.0,0.0,0.0,0.0,0.0,0.0,0.0,0.0,11.0,2021.0,past,2021-03
2021-03-28,1.0,0.0,0.0,0.0,0.0,0.0,0.0,0.0,0.0,0.0,0.0,0.0,0.0,0.0,0.0,0.0,0.0,0.0,0.0,12.0,2021.0,past,2021-03
2021-04-04,34.0,1.0,1.0,0.0,0.0,0.0,0.0,0.0,0.0,0.0,0.0,0.0,0.0,0.0,0.0,0.0,0.0,0.0,0.0,13.0,2021.0,past,2021-04
2021-04-11,150.0,34.0,33.0,1.0,1.0,0.0,0.0,0.0,0.0,0.0,0.0,41.0,41.0,0.0,0.0,0.0,0.0,0.0,0.0,14.0,2021.0,past,2021-04
2021-04-18,209.0,150.0,116.0,34.0,33.0,1.0,1.0,0.0,0.0,0.0,0.0,229.0,188.0,41.0,41.0,0.0,0.0,0.0,0.0,15.0,2021.0,past,2021-04
2021-04-25,134.0,209.0,59.0,150.0,116.0,34.0,33.0,1.0,1.0,0.0,0.0,250.0,21.0,229.0,188.0,41.0,41.0,41.0,41.0,16.0,2021.0,past,2021-04
2021-05-02,62.0,134.0,-75.0,209.0,59.0,150.0,116.0,34.0,33.0,1.0,1.0,112.0,-138.0,250.0,21.0,229.0,188.0,229.0,188.0,17.0,2021.0,past,2021-05
2021-05-09,25.0,62.0,-72.0,134.0,-75.0,209.0,59.0,150.0,116.0,34.0,33.0,43.0,-69.0,112.0,-138.0,250.0,21.0,250.0,21.0,18.0,2021.0,past,2021-05
2021-05-16,4.0,25.0,-37.0,62.0,-72.0,134.0,-75.0,209.0,59.0,150.0,116.0,12.0,-31.0,43.0,-69.0,112.0,-138.0,112.0,-138.0,19.0,2021.0,past,2021-05
2021-05-23,0.0,4.0,-21.0,25.0,-37.0,62.0,-72.0,134.0,-75.0,209.0,59.0,12.0,0.0,12.0,-31.0,43.0,-69.0,43.0,-69.0,20.0,2021.0,past,2021-05
2021-05-30,0.0,0.0,-4.0,4.0,-21.0,25.0,-37.0,62.0,-72.0,134.0,-75.0,0.0,-12.0,12.0,0.0,12.0,-31.0,12.0,-31.0,21.0,2021.0,past,2021-05
2021-06-06,0.0,0.0,0.0,0.0,-4.0,4.0,-21.0,25.0,-37.0,62.0,-72.0,0.0,0.0,0.0,-12.0,12.0,0.0,12.0,0.0,22.0,2021.0,past,2021-06
2021-06-13,0.0,0.0,0.0,0.0,0.0,0.0,-4.0,4.0,-21.0,25.0,-37.0,0.0,0.0,0.0,0.0,0.0,-12.0,0.0,-12.0,23.0,2021.0,past,2021-06
2021-06-20,0.0,0.0,0.0,0.0,0.0,0.0,0.0,0.0,-4.0,4.0,-21.0,0.0,0.0,0.0,0.0,0.0,0.0,0.0,0.0,24.0,2021.0,past,2021-06
2021-06-27,0.0,0.0,0.0,0.0,0.0,0.0,0.0,0.0,0.0,0.0,-4.0,0.0,0.0,0.0,0.0,0.0,0.0,0.0,0.0,25.0,2021.0,past,2021-06
2021-07-04,0.0,0.0,0.0,0.0,0.0,0.0,0.0,0.0,0.0,0.0,0.0,0.0,0.0,0.0,0.0,0.0,0.0,0.0,0.0,26.0,2021.0,predicted,2021-07
2021-07-11,0.0,0.0,0.0,0.0,0.0,0.0,0.0,0.0,0.0,0.0,0.0,0.0,0.0,0.0,0.0,0.0,0.0,0.0,0.0,27.0,2021.0,predicted,2021-07
2021-07-18,0.0,0.0,0.0,0.0,0.0,0.0,0.0,0.0,0.0,0.0,0.0,0.0,0.0,0.0,0.0,0.0,0.0,0.0,0.0,28.0,2021.0,predicted,2021-07
2021-07-25,0.0,0.0,0.0,0.0,0.0,0.0,0.0,0.0,0.0,0.0,0.0,0.0,0.0,0.0,0.0,0.0,0.0,0.0,0.0,29.0,2021.0,predicted,2021-07
2021-08-01,0.0,0.0,0.0,0.0,0.0,0.0,0.0,0.0,0.0,0.0,0.0,0.0,0.0,0.0,0.0,0.0,0.0,0.0,0.0,30.0,2021.0,predicted,2021-08
2021-08-08,0.0,0.0,0.0,0.0,0.0,0.0,0.0,0.0,0.0,0.0,0.0,0.0,0.0,0.0,0.0,0.0,0.0,0.0,0.0,31.0,2021.0,predicted,2021-08
2021-08-15,0.0,0.0,0.0,0.0,0.0,0.0,0.0,0.0,0.0,0.0,0.0,0.0,0.0,0.0,0.0,0.0,0.0,0.0,0.0,32.0,2021.0,predicted,2021-08
2021-08-22,0.0,0.0,0.0,0.0,0.0,0.0,0.0,0.0,0.0,0.0,0.0,0.0,0.0,0.0,0.0,0.0,0.0,0.0,0.0,33.0,2021.0,predicted,2021-08
2021-08-29,0.0,0.0,0.0,0.0,0.0,0.0,0.0,0.0,0.0,0.0,0.0,0.0,0.0,0.0,0.0,0.0,0.0,0.0,0.0,34.0,2021.0,predicted,2021-08
2021-09-05,0.0,0.0,0.0,0.0,0.0,0.0,0.0,0.0,0.0,0.0,0.0,0.0,0.0,0.0,0.0,0.0,0.0,0.0,0.0,35.0,2021.0,predicted,2021-09
2021-09-12,0.3333333333333333,0.0,0.0,0.0,0.0,0.0,0.0,0.0,0.0,0.0,0.0,0.0,0.0,0.0,0.0,0.0,0.0,0.0,0.0,36.0,2021.0,predicted,2021-09
2021-09-19,0.3333333333333333,0.3333333333333333,0.0,0.0,0.3333333333333333,0.0,0.0,0.0,0.0,0.0,0.0,2.0,-1.6666666666666667,0.0,2.0,0.0,2.0,0.0,2.0,37.0,2021.0,predicted,2021-09
2021-09-26,5.666666666666667,0.3333333333333333,0.0,0.3333333333333333,0.0,0.0,0.3333333333333333,0.0,0.0,0.0,0.0,28.0,-27.666666666666668,2.0,26.0,0.0,28.0,0.0,28.0,38.0,2021.0,predicted,2021-09
2021-10-03,31.5,5.666666666666667,0.0,0.3333333333333333,5.333333333333334,0.3333333333333333,0.0,0.0,0.3333333333333333,0.0,0.0,49.0,-43.333333333333336,28.0,21.0,2.0,47.0,0.0,49.0,39.0,2021.0,predicted,2021-10
2021-10-10,72.5,31.5,0.0,5.666666666666667,25.833333333333332,0.3333333333333333,5.333333333333334,0.3333333333333333,0.0,0.0,0.3333333333333333,146.0,-114.5,49.0,97.0,28.0,118.0,2.0,144.0,40.0,2021.0,predicted,2021-10
2021-10-17,121.0,72.5,0.0,31.5,41.0,5.666666666666667,25.833333333333332,0.3333333333333333,5.333333333333334,0.3333333333333333,0.0,238.0,-165.5,146.0,92.0,49.0,189.0,28.0,210.0,41.0,2021.0,predicted,2021-10
2021-10-24,98.83333333333333,121.0,0.0,72.5,48.5,31.5,41.0,5.666666666666667,25.833333333333332,0.3333333333333333,5.333333333333334,268.0,-147.0,238.0,30.0,146.0,122.0,49.0,219.0,42.0,2021.0,predicted,2021-10
2021-10-31,80.33333333333333,98.83333333333333,0.0,121.0,-22.16666666666667,72.5,48.5,31.5,41.0,5.666666666666667,25.833333333333332,228.0,-129.16666666666669,268.0,-40.0,238.0,-10.0,146.0,82.0,43.0,2021.0,predicted,2021-10
2021-11-07,57.833333333333336,80.33333333333333,0.0,98.83333333333333,-18.5,121.0,-22.16666666666667,72.5,48.5,31.5,41.0,67.0,13.333333333333329,228.0,-161.0,268.0,-201.0,238.0,-171.0,44.0,2021.0,predicted,2021-11
2021-11-14,28.666666666666668,57.833333333333336,0.0,80.33333333333333,-22.499999999999993,98.83333333333333,-18.5,121.0,-22.16666666666667,72.5,48.5,87.0,-29.166666666666664,67.0,20.0,228.0,-141.0,268.0,-181.0,45.0,2021.0,predicted,2021-11
2021-11-21,2.5,28.666666666666668,0.0,57.833333333333336,-29.166666666666668,80.33333333333333,-22.499999999999993,98.83333333333333,-18.5,121.0,-22.16666666666667,19.0,9.666666666666668,87.0,-68.0,67.0,-48.0,228.0,-209.0,46.0,2021.0,predicted,2021-11
2021-11-28,1.0,2.5,0.0,28.666666666666668,-26.166666666666668,57.833333333333336,-29.166666666666668,80.33333333333333,-22.499999999999993,98.83333333333333,-18.5,3.0,-0.5,19.0,-16.0,87.0,-84.0,67.0,-64.0,47.0,2021.0,predicted,2021-11
2021-12-05,0.16666666666666666,1.0,0.0,2.5,-1.5,28.666666666666668,-26.166666666666668,57.833333333333336,-29.166666666666668,80.33333333333333,-22.499999999999993,2.0,-1.0,3.0,-1.0,19.0,-17.0,87.0,-85.0,48.0,2021.0,predicted,2021-12
2021-12-12,0.16666666666666666,0.16666666666666666,0.0,1.0,-0.8333333333333334,2.5,-1.5,28.666666666666668,-26.166666666666668,57.833333333333336,-29.166666666666668,0.0,0.16666666666666666,2.0,-2.0,3.0,-3.0,19.0,-19.0,49.0,2021.0,predicted,2021-12
2021-12-19,0.0,0.16666666666666666,0.0,0.16666666666666666,0.0,1.0,-0.8333333333333334,2.5,-1.5,28.666666666666668,-26.166666666666668,0.0,0.16666666666666666,0.0,0.0,2.0,-2.0,3.0,-3.0,50.0,2021.0,predicted,2021-12
2021-12-26,1.0,0.0,0.0,0.16666666666666666,-0.16666666666666666,0.16666666666666666,0.0,1.0,-0.8333333333333334,2.5,-1.5,0.0,0.0,0.0,0.0,0.0,0.0,2.0,-2.0,51.0,2021.0,predicted,2021-12
2022-01-02,1.0,1.0,0.0,0.0,1.0,0.16666666666666666,-0.16666666666666666,0.16666666666666666,0.0,1.0,-0.8333333333333334,0.0,1.0,0.0,0.0,0.0,0.0,0.0,0.0,52.0,2021.0,predicted,2022-01
2022-01-09,0.0,1.0,0.0,1.0,0.0,0.0,1.0,0.16666666666666666,-0.16666666666666666,0.16666666666666666,0.0,0.0,1.0,0.0,0.0,0.0,0.0,0.0,0.0,1.0,2022.0,predicted,2022-01
2022-01-16,0.0,0.0,0.0,1.0,-1.0,1.0,0.0,0.0,1.0,0.16666666666666666,-0.16666666666666666,0.0,0.0,0.0,0.0,0.0,0.0,0.0,0.0,2.0,2022.0,predicted,2022-01
2022-01-23,0.0,0.0,0.0,0.0,0.0,1.0,-1.0,1.0,0.0,0.0,1.0,0.0,0.0,0.0,0.0,0.0,0.0,0.0,0.0,3.0,2022.0,predicted,2022-01
2022-01-30,0.0,0.0,0.0,0.0,0.0,0.0,0.0,1.0,-1.0,1.0,0.0,0.0,0.0,0.0,0.0,0.0,0.0,0.0,0.0,4.0,2022.0,predicted,2022-01
2022-02-06,0.0,0.0,0.0,0.0,0.0,0.0,0.0,0.0,0.0,1.0,-1.0,0.0,0.0,0.0,0.0,0.0,0.0,0.0,0.0,5.0,2022.0,predicted,2022-02
2022-02-13,0.0,0.0,0.0,0.0,0.0,0.0,0.0,0.0,0.0,0.0,0.0,0.0,0.0,0.0,0.0,0.0,0.0,0.0,0.0,6.0,2022.0,predicted,2022-02
2022-02-20,0.0,0.0,0.0,0.0,0.0,0.0,0.0,0.0,0.0,0.0,0.0,0.0,0.0,0.0,0.0,0.0,0.0,0.0,0.0,7.0,2022.0,predicted,2022-02
2022-02-27,0.0,0.0,0.0,0.0,0.0,0.0,0.0,0.0,0.0,0.0,0.0,0.0,0.0,0.0,0.0,0.0,0.0,0.0,0.0,8.0,2022.0,predicted,2022-02
2022-03-06,0.0,0.0,0.0,0.0,0.0,0.0,0.0,0.0,0.0,0.0,0.0,0.0,0.0,0.0,0.0,0.0,0.0,0.0,0.0,9.0,2022.0,predicted,2022-03
2022-03-13,0.16666666666666666,0.0,0.0,0.0,0.0,0.0,0.0,0.0,0.0,0.0,0.0,0.0,0.0,0.0,0.0,0.0,0.0,0.0,0.0,10.0,2022.0,predicted,2022-03
2022-03-20,0.16666666666666666,0.16666666666666666,0.0,0.0,0.16666666666666666,0.0,0.0,0.0,0.0,0.0,0.0,0.0,0.16666666666666666,0.0,0.0,0.0,0.0,0.0,0.0,11.0,2022.0,predicted,2022-03
2022-03-27,5.833333333333333,0.16666666666666666,0.0,0.16666666666666666,0.0,0.0,0.16666666666666666,0.0,0.0,0.0,0.0,1.0,-0.8333333333333334,0.0,1.0,0.0,1.0,0.0,1.0,12.0,2022.0,predicted,2022-03
2022-04-03,10.166666666666666,5.833333333333333,0.0,0.16666666666666666,5.666666666666666,0.16666666666666666,0.0,0.0,0.16666666666666666,0.0,0.0,34.0,-28.166666666666668,1.0,33.0,0.0,34.0,0.0,34.0,13.0,2022.0,predicted,2022-04
2022-04-10,66.33333333333333,10.166666666666666,0.0,5.833333333333333,4.333333333333333,0.16666666666666666,5.666666666666666,0.16666666666666666,0.0,0.0,0.16666666666666666,150.0,-139.83333333333334,34.0,116.0,1.0,149.0,0.0,150.0,14.0,2022.0,predicted,2022-04
2022-04-17,100.33333333333333,66.33333333333333,0.0,10.166666666666666,56.166666666666664,5.833333333333333,4.333333333333333,0.16666666666666666,5.666666666666666,0.16666666666666666,0.0,209.0,-142.66666666666669,150.0,59.0,34.0,175.0,1.0,208.0,15.0,2022.0,predicted,2022-04
2022-04-24,85.16666666666667,100.33333333333333,0.0,66.33333333333333,34.0,10.166666666666666,56.166666666666664,5.833333333333333,4.333333333333333,0.16666666666666666,5.666666666666666,134.0,-33.66666666666667,209.0,-75.0,150.0,-16.0,34.0,100.0,16.0,2022.0,predicted,2022-04
2022-05-01,75.25,85.16666666666667,0.0,100.33333333333333,-15.166666666666657,66.33333333333333,34.0,10.166666666666666,56.166666666666664,5.833333333333333,4.333333333333333,62.0,23.16666666666667,134.0,-72.0,209.0,-147.0,150.0,-88.0,17.0,2022.0,predicted,2022-05
2022-05-08,46.333333333333336,75.25,0.0,85.16666666666667,-9.916666666666671,100.33333333333333,-15.166666666666657,66.33333333333333,34.0,10.166666666666666,56.166666666666664,25.0,50.25,62.0,-37.0,134.0,-109.0,209.0,-184.0,18.0,2022.0,predicted,2022-05
2022-05-15,2.0,46.333333333333336,0.0,75.25,-28.916666666666664,85.16666666666667,-9.916666666666671,100.33333333333333,-15.166666666666657,66.33333333333333,34.0,4.0,42.333333333333336,25.0,-21.0,62.0,-58.0,134.0,-130.0,19.0,2022.0,predicted,2022-05
2022-05-22,0.0,2.0,0.0,46.333333333333336,-44.333333333333336,75.25,-28.916666666666664,85.16666666666667,-9.916666666666671,100.33333333333333,-15.166666666666657,0.0,2.0,4.0,-4.0,25.0,-25.0,62.0,-62.0,20.0,2022.0,predicted,2022-05
2022-05-29,0.16666666666666666,0.0,0.0,2.0,-2.0,46.333333333333336,-44.333333333333336,75.25,-28.916666666666664,85.16666666666667,-9.916666666666671,0.0,0.0,0.0,0.0,4.0,-4.0,25.0,-25.0,21.0,2022.0,predicted,2022-05
2022-06-05,0.0,0.16666666666666666,0.0,0.0,0.16666666666666666,2.0,-2.0,46.333333333333336,-44.333333333333336,75.25,-28.916666666666664,0.0,0.16666666666666666,0.0,0.0,0.0,0.0,4.0,-4.0,22.0,2022.0,predicted,2022-06
2022-06-12,0.0,0.0,0.0,0.16666666666666666,-0.16666666666666666,0.0,0.16666666666666666,2.0,-2.0,46.333333333333336,-44.333333333333336,0.0,0.0,0.0,0.0,0.0,0.0,0.0,0.0,23.0,2022.0,predicted,2022-06
2022-06-19,0.0,0.0,0.0,0.0,0.0,0.16666666666666666,-0.16666666666666666,0.0,0.16666666666666666,2.0,-2.0,0.0,0.0,0.0,0.0,0.0,0.0,0.0,0.0,24.0,2022.0,predicted,2022-06
2022-06-26,0.0,0.0,0.0,0.0,0.0,0.0,0.0,0.16666666666666666,-0.16666666666666666,0.0,0.16666666666666666,0.0,0.0,0.0,0.0,0.0,0.0,0.0,0.0,25.0,2022.0,predicted,2022-06
2022-07-03,0.0,0.0,0.0,0.0,0.0,0.0,0.0,0.0,0.0,0.16666666666666666,-0.16666666666666666,0.0,0.0,0.0,0.0,0.0,0.0,0.0,0.0,26.0,2022.0,predicted,2022-07
