observation_date,observation_count,one_week_ago,delta_one_week_ago,two_week_ago,delta_two_week_ago,three_week_ago,delta_three_week_ago,four_week_ago,delta_four_week_ago,five_week_ago,delta_five_week_ago,one_year_ago,one_year_ago_delta,one_year_one_week_ago,one_year_one_week_ago_delta,one_year_two_week_ago,one_year_two_week_ago_delta,one_year_three_week_ago,one_year_three_week_ago_delta,week_num,year_num
2011-01-30,0.0,0.0,0.0,0.0,-1.0,1.0,1.0,0.0,0.0,0.0,0.0,1.0,1.0,0.0,-3.0,3.0,2.0,3.0,2.0,4,2011
2011-02-06,2.0,0.0,0.0,0.0,0.0,0.0,-1.0,1.0,1.0,0.0,0.0,0.0,-1.0,1.0,1.0,0.0,-3.0,0.0,-3.0,5,2011
2011-02-13,0.0,2.0,2.0,0.0,0.0,0.0,0.0,0.0,-1.0,1.0,1.0,0.0,0.0,0.0,-1.0,1.0,1.0,1.0,1.0,6,2011
2011-02-20,0.0,0.0,-2.0,2.0,2.0,0.0,0.0,0.0,0.0,0.0,-1.0,1.0,1.0,0.0,0.0,0.0,-1.0,0.0,-1.0,7,2011
2011-02-27,0.0,0.0,0.0,0.0,-2.0,2.0,2.0,0.0,0.0,0.0,0.0,0.0,-1.0,1.0,1.0,0.0,0.0,0.0,0.0,8,2011
2011-03-06,0.0,0.0,0.0,0.0,0.0,0.0,-2.0,2.0,2.0,0.0,0.0,0.0,0.0,0.0,-1.0,1.0,1.0,1.0,1.0,9,2011
2011-03-13,0.0,0.0,0.0,0.0,0.0,0.0,0.0,0.0,-2.0,2.0,2.0,0.0,0.0,0.0,0.0,0.0,-1.0,0.0,-1.0,10,2011
2011-03-20,4.0,0.0,0.0,0.0,0.0,0.0,0.0,0.0,0.0,0.0,-2.0,0.0,0.0,0.0,0.0,0.0,0.0,0.0,0.0,11,2011
2011-03-27,1.0,4.0,4.0,0.0,0.0,0.0,0.0,0.0,0.0,0.0,0.0,6.0,6.0,0.0,0.0,0.0,0.0,0.0,0.0,12,2011
2011-04-03,3.0,1.0,-3.0,4.0,4.0,0.0,0.0,0.0,0.0,0.0,0.0,9.0,3.0,6.0,6.0,0.0,0.0,0.0,0.0,13,2011
2011-04-10,12.0,3.0,2.0,1.0,-3.0,4.0,4.0,0.0,0.0,0.0,0.0,41.0,32.0,9.0,3.0,6.0,6.0,6.0,6.0,14,2011
2011-04-17,30.0,12.0,9.0,3.0,2.0,1.0,-3.0,4.0,4.0,0.0,0.0,8.0,-33.0,41.0,32.0,9.0,3.0,9.0,3.0,15,2011
2011-04-24,133.0,30.0,18.0,12.0,9.0,3.0,2.0,1.0,-3.0,4.0,4.0,66.0,58.0,8.0,-33.0,41.0,32.0,41.0,32.0,16,2011
2011-05-01,29.0,133.0,103.0,30.0,18.0,12.0,9.0,3.0,2.0,1.0,-3.0,76.0,10.0,66.0,58.0,8.0,-33.0,8.0,-33.0,17,2011
2011-05-08,134.5,29.0,-104.0,133.0,103.0,30.0,18.0,12.0,9.0,3.0,2.0,55.0,-21.0,76.0,10.0,66.0,58.0,66.0,58.0,18,2011
2011-05-15,34.0,134.5,105.5,29.0,-104.0,133.0,103.0,30.0,18.0,12.0,9.0,41.0,-14.0,55.0,-21.0,76.0,10.0,76.0,10.0,19,2011
2011-05-22,6.0,34.0,-100.5,134.5,105.5,29.0,-104.0,133.0,103.0,30.0,18.0,1.0,-40.0,41.0,-14.0,55.0,-21.0,55.0,-21.0,20,2011
2011-05-29,1.0,6.0,-28.0,34.0,-100.5,134.5,105.5,29.0,-104.0,133.0,103.0,0.0,-1.0,1.0,-40.0,41.0,-14.0,41.0,-14.0,21,2011
2011-06-05,0.0,1.0,-5.0,6.0,-28.0,34.0,-100.5,134.5,105.5,29.0,-104.0,0.0,0.0,0.0,-1.0,1.0,-40.0,1.0,-40.0,22,2011
2011-06-12,0.0,0.0,-1.0,1.0,-5.0,6.0,-28.0,34.0,-100.5,134.5,105.5,0.0,0.0,0.0,0.0,0.0,-1.0,0.0,-1.0,23,2011
2011-06-19,0.0,0.0,0.0,0.0,-1.0,1.0,-5.0,6.0,-28.0,34.0,-100.5,0.0,0.0,0.0,0.0,0.0,0.0,0.0,0.0,24,2011
2011-06-26,0.0,0.0,0.0,0.0,0.0,0.0,-1.0,1.0,-5.0,6.0,-28.0,0.0,0.0,0.0,0.0,0.0,0.0,0.0,0.0,25,2011
2011-07-03,0.0,0.0,0.0,0.0,0.0,0.0,0.0,0.0,-1.0,1.0,-5.0,0.0,0.0,0.0,0.0,0.0,0.0,0.0,0.0,26,2011
2011-07-10,0.0,0.0,0.0,0.0,0.0,0.0,0.0,0.0,0.0,0.0,-1.0,0.0,0.0,0.0,0.0,0.0,0.0,0.0,0.0,27,2011
2011-07-17,0.0,0.0,0.0,0.0,0.0,0.0,0.0,0.0,0.0,0.0,0.0,0.0,0.0,0.0,0.0,0.0,0.0,0.0,0.0,28,2011
2011-07-24,0.0,0.0,0.0,0.0,0.0,0.0,0.0,0.0,0.0,0.0,0.0,0.0,0.0,0.0,0.0,0.0,0.0,0.0,0.0,29,2011
2011-07-31,0.0,0.0,0.0,0.0,0.0,0.0,0.0,0.0,0.0,0.0,0.0,0.0,0.0,0.0,0.0,0.0,0.0,0.0,0.0,30,2011
2011-08-07,0.0,0.0,0.0,0.0,0.0,0.0,0.0,0.0,0.0,0.0,0.0,0.0,0.0,0.0,0.0,0.0,0.0,0.0,0.0,31,2011
2011-08-14,0.0,0.0,0.0,0.0,0.0,0.0,0.0,0.0,0.0,0.0,0.0,0.0,0.0,0.0,0.0,0.0,0.0,0.0,0.0,32,2011
2011-08-21,0.0,0.0,0.0,0.0,0.0,0.0,0.0,0.0,0.0,0.0,0.0,0.0,0.0,0.0,0.0,0.0,0.0,0.0,0.0,33,2011
2011-08-28,0.0,0.0,0.0,0.0,0.0,0.0,0.0,0.0,0.0,0.0,0.0,0.0,0.0,0.0,0.0,0.0,0.0,0.0,0.0,34,2011
2011-09-04,1.0,0.0,0.0,0.0,0.0,0.0,0.0,0.0,0.0,0.0,0.0,0.0,0.0,0.0,0.0,0.0,0.0,0.0,0.0,35,2011
2011-09-11,6.5,1.0,1.0,0.0,0.0,0.0,0.0,0.0,0.0,0.0,0.0,0.0,0.0,0.0,0.0,0.0,0.0,0.0,0.0,36,2011
2011-09-18,15.0,6.5,5.5,1.0,1.0,0.0,0.0,0.0,0.0,0.0,0.0,2.0,2.0,0.0,0.0,0.0,0.0,0.0,0.0,37,2011
2011-09-25,0.0,15.0,8.5,6.5,5.5,1.0,1.0,0.0,0.0,0.0,0.0,12.0,10.0,2.0,2.0,0.0,0.0,0.0,0.0,38,2011
2011-10-02,3.0,0.0,-15.0,15.0,8.5,6.5,5.5,1.0,1.0,0.0,0.0,84.0,72.0,12.0,10.0,2.0,2.0,2.0,2.0,39,2011
2011-10-09,137.0,3.0,3.0,0.0,-15.0,15.0,8.5,6.5,5.5,1.0,1.0,187.5,103.5,84.0,72.0,12.0,10.0,12.0,10.0,40,2011
2011-10-16,235.0,137.0,134.0,3.0,3.0,0.0,-15.0,15.0,8.5,6.5,5.5,157.0,-30.5,187.5,103.5,84.0,72.0,84.0,72.0,41,2011
2011-10-23,179.0,235.0,98.0,137.0,134.0,3.0,3.0,0.0,-15.0,15.0,8.5,207.0,50.0,157.0,-30.5,187.5,103.5,187.5,103.5,42,2011
2011-10-30,90.5,179.0,-56.0,235.0,98.0,137.0,134.0,3.0,3.0,0.0,-15.0,81.0,-126.0,207.0,50.0,157.0,-30.5,157.0,-30.5,43,2011
2011-11-06,42.0,90.5,-88.5,179.0,-56.0,235.0,98.0,137.0,134.0,3.0,3.0,11.0,-70.0,81.0,-126.0,207.0,50.0,207.0,50.0,44,2011
2011-11-13,1.0,42.0,-48.5,90.5,-88.5,179.0,-56.0,235.0,98.0,137.0,134.0,0.0,-11.0,11.0,-70.0,81.0,-126.0,81.0,-126.0,45,2011
2011-11-20,1.0,1.0,-41.0,42.0,-48.5,90.5,-88.5,179.0,-56.0,235.0,98.0,13.0,13.0,0.0,-11.0,11.0,-70.0,11.0,-70.0,46,2011
2011-11-27,8.0,1.0,0.0,1.0,-41.0,42.0,-48.5,90.5,-88.5,179.0,-56.0,0.0,-13.0,13.0,13.0,0.0,-11.0,0.0,-11.0,47,2011
2011-12-04,2.0,8.0,7.0,1.0,0.0,1.0,-41.0,42.0,-48.5,90.5,-88.5,0.0,0.0,0.0,-13.0,13.0,13.0,13.0,13.0,48,2011
2011-12-11,0.0,2.0,-6.0,8.0,7.0,1.0,0.0,1.0,-41.0,42.0,-48.5,5.0,5.0,0.0,0.0,0.0,-13.0,0.0,-13.0,49,2011
2011-12-18,0.0,0.0,-2.0,2.0,-6.0,8.0,7.0,1.0,0.0,1.0,-41.0,0.0,-5.0,5.0,5.0,0.0,0.0,0.0,0.0,50,2011
2011-12-25,1.0,0.0,0.0,0.0,-2.0,2.0,-6.0,8.0,7.0,1.0,0.0,0.0,0.0,0.0,-5.0,5.0,5.0,5.0,5.0,51,2011
2012-01-01,1.0,1.0,1.0,0.0,0.0,0.0,-2.0,2.0,-6.0,8.0,7.0,0.0,0.0,0.0,0.0,0.0,-5.0,0.0,-5.0,52,2012
2012-01-08,2.0,1.0,0.0,1.0,1.0,0.0,0.0,0.0,-2.0,2.0,-6.0,1.0,1.0,0.0,0.0,0.0,0.0,0.0,0.0,1,2012
2012-01-15,6.0,2.0,1.0,1.0,0.0,1.0,1.0,0.0,0.0,0.0,-2.0,0.0,-1.0,1.0,1.0,0.0,0.0,0.0,0.0,2,2012
2012-01-22,2.0,6.0,4.0,2.0,1.0,1.0,0.0,1.0,1.0,0.0,0.0,0.0,0.0,0.0,-1.0,1.0,1.0,1.0,1.0,3,2012
2012-01-29,1.0,2.0,-4.0,6.0,4.0,2.0,1.0,1.0,0.0,1.0,1.0,0.0,0.0,0.0,0.0,0.0,-1.0,0.0,-1.0,4,2012
2012-02-05,0.0,1.0,-1.0,2.0,-4.0,6.0,4.0,2.0,1.0,1.0,0.0,2.0,2.0,0.0,0.0,0.0,0.0,0.0,0.0,5,2012
2012-02-12,0.0,0.0,-1.0,1.0,-1.0,2.0,-4.0,6.0,4.0,2.0,1.0,0.0,-2.0,2.0,2.0,0.0,0.0,0.0,0.0,6,2012
2012-02-19,2.0,0.0,0.0,0.0,-1.0,1.0,-1.0,2.0,-4.0,6.0,4.0,0.0,0.0,0.0,-2.0,2.0,2.0,2.0,2.0,7,2012
2012-02-26,2.0,2.0,2.0,0.0,0.0,0.0,-1.0,1.0,-1.0,2.0,-4.0,0.0,0.0,0.0,0.0,0.0,-2.0,0.0,-2.0,8,2012
2012-03-04,0.0,2.0,0.0,2.0,2.0,0.0,0.0,0.0,-1.0,1.0,-1.0,0.0,0.0,0.0,0.0,0.0,0.0,0.0,0.0,9,2012
2012-03-11,0.0,0.0,-2.0,2.0,0.0,2.0,2.0,0.0,0.0,0.0,-1.0,0.0,0.0,0.0,0.0,0.0,0.0,0.0,0.0,10,2012
2012-03-18,3.0,0.0,0.0,0.0,-2.0,2.0,0.0,2.0,2.0,0.0,0.0,4.0,4.0,0.0,0.0,0.0,0.0,0.0,0.0,11,2012
2012-03-25,10.0,3.0,3.0,0.0,0.0,0.0,-2.0,2.0,0.0,2.0,2.0,1.0,-3.0,4.0,4.0,0.0,0.0,0.0,0.0,12,2012
2012-04-01,35.0,10.0,7.0,3.0,3.0,0.0,0.0,0.0,-2.0,2.0,0.0,3.0,2.0,1.0,-3.0,4.0,4.0,4.0,4.0,13,2012
2012-04-08,10.0,35.0,25.0,10.0,7.0,3.0,3.0,0.0,0.0,0.0,-2.0,12.0,9.0,3.0,2.0,1.0,-3.0,1.0,-3.0,14,2012
2012-04-15,72.0,10.0,-25.0,35.0,25.0,10.0,7.0,3.0,3.0,0.0,0.0,30.0,18.0,12.0,9.0,3.0,2.0,3.0,2.0,15,2012
2012-04-22,63.0,72.0,62.0,10.0,-25.0,35.0,25.0,10.0,7.0,3.0,3.0,133.0,103.0,30.0,18.0,12.0,9.0,12.0,9.0,16,2012
2012-04-29,211.0,63.0,-9.0,72.0,62.0,10.0,-25.0,35.0,25.0,10.0,7.0,29.0,-104.0,133.0,103.0,30.0,18.0,30.0,18.0,17,2012
2012-05-06,709.0,211.0,148.0,63.0,-9.0,72.0,62.0,10.0,-25.0,35.0,25.0,134.5,105.5,29.0,-104.0,133.0,103.0,133.0,103.0,18,2012
2012-05-13,168.5,709.0,498.0,211.0,148.0,63.0,-9.0,72.0,62.0,10.0,-25.0,34.0,-100.5,134.5,105.5,29.0,-104.0,29.0,-104.0,19,2012
2012-05-20,8.0,168.5,-540.5,709.0,498.0,211.0,148.0,63.0,-9.0,72.0,62.0,6.0,-28.0,34.0,-100.5,134.5,105.5,134.5,105.5,20,2012
2012-05-27,0.0,8.0,-160.5,168.5,-540.5,709.0,498.0,211.0,148.0,63.0,-9.0,1.0,-5.0,6.0,-28.0,34.0,-100.5,34.0,-100.5,21,2012
2012-06-03,0.0,0.0,-8.0,8.0,-160.5,168.5,-540.5,709.0,498.0,211.0,148.0,0.0,-1.0,1.0,-5.0,6.0,-28.0,6.0,-28.0,22,2012
2012-06-10,0.0,0.0,0.0,0.0,-8.0,8.0,-160.5,168.5,-540.5,709.0,498.0,0.0,0.0,0.0,-1.0,1.0,-5.0,1.0,-5.0,23,2012
2012-06-17,0.0,0.0,0.0,0.0,0.0,0.0,-8.0,8.0,-160.5,168.5,-540.5,0.0,0.0,0.0,0.0,0.0,-1.0,0.0,-1.0,24,2012
2012-06-24,0.0,0.0,0.0,0.0,0.0,0.0,0.0,0.0,-8.0,8.0,-160.5,0.0,0.0,0.0,0.0,0.0,0.0,0.0,0.0,25,2012
2012-07-01,0.0,0.0,0.0,0.0,0.0,0.0,0.0,0.0,0.0,0.0,-8.0,0.0,0.0,0.0,0.0,0.0,0.0,0.0,0.0,26,2012
2012-07-08,0.0,0.0,0.0,0.0,0.0,0.0,0.0,0.0,0.0,0.0,0.0,0.0,0.0,0.0,0.0,0.0,0.0,0.0,0.0,27,2012
2012-07-15,0.0,0.0,0.0,0.0,0.0,0.0,0.0,0.0,0.0,0.0,0.0,0.0,0.0,0.0,0.0,0.0,0.0,0.0,0.0,28,2012
2012-07-22,0.0,0.0,0.0,0.0,0.0,0.0,0.0,0.0,0.0,0.0,0.0,0.0,0.0,0.0,0.0,0.0,0.0,0.0,0.0,29,2012
2012-07-29,0.0,0.0,0.0,0.0,0.0,0.0,0.0,0.0,0.0,0.0,0.0,0.0,0.0,0.0,0.0,0.0,0.0,0.0,0.0,30,2012
2012-08-05,0.0,0.0,0.0,0.0,0.0,0.0,0.0,0.0,0.0,0.0,0.0,0.0,0.0,0.0,0.0,0.0,0.0,0.0,0.0,31,2012
2012-08-12,0.0,0.0,0.0,0.0,0.0,0.0,0.0,0.0,0.0,0.0,0.0,0.0,0.0,0.0,0.0,0.0,0.0,0.0,0.0,32,2012
2012-08-19,0.0,0.0,0.0,0.0,0.0,0.0,0.0,0.0,0.0,0.0,0.0,0.0,0.0,0.0,0.0,0.0,0.0,0.0,0.0,33,2012
2012-08-26,0.0,0.0,0.0,0.0,0.0,0.0,0.0,0.0,0.0,0.0,0.0,0.0,0.0,0.0,0.0,0.0,0.0,0.0,0.0,34,2012
2012-09-02,1.0,0.0,0.0,0.0,0.0,0.0,0.0,0.0,0.0,0.0,0.0,1.0,1.0,0.0,0.0,0.0,0.0,0.0,0.0,35,2012
2012-09-09,0.0,1.0,1.0,0.0,0.0,0.0,0.0,0.0,0.0,0.0,0.0,6.5,5.5,1.0,1.0,0.0,0.0,0.0,0.0,36,2012
2012-09-16,3.0,0.0,-1.0,1.0,1.0,0.0,0.0,0.0,0.0,0.0,0.0,15.0,8.5,6.5,5.5,1.0,1.0,1.0,1.0,37,2012
2012-09-23,1.0,3.0,3.0,0.0,-1.0,1.0,1.0,0.0,0.0,0.0,0.0,0.0,-15.0,15.0,8.5,6.5,5.5,6.5,5.5,38,2012
2012-09-30,33.0,1.0,-2.0,3.0,3.0,0.0,-1.0,1.0,1.0,0.0,0.0,3.0,3.0,0.0,-15.0,15.0,8.5,15.0,8.5,39,2012
2012-10-07,226.0,33.0,32.0,1.0,-2.0,3.0,3.0,0.0,-1.0,1.0,1.0,137.0,134.0,3.0,3.0,0.0,-15.0,0.0,-15.0,40,2012
2012-10-14,236.0,226.0,193.0,33.0,32.0,1.0,-2.0,3.0,3.0,0.0,-1.0,235.0,98.0,137.0,134.0,3.0,3.0,3.0,3.0,41,2012
2012-10-21,421.0,236.0,10.0,226.0,193.0,33.0,32.0,1.0,-2.0,3.0,3.0,179.0,-56.0,235.0,98.0,137.0,134.0,137.0,134.0,42,2012
2012-10-28,193.0,421.0,185.0,236.0,10.0,226.0,193.0,33.0,32.0,1.0,-2.0,90.5,-88.5,179.0,-56.0,235.0,98.0,235.0,98.0,43,2012
2012-11-04,145.5,193.0,-228.0,421.0,185.0,236.0,10.0,226.0,193.0,33.0,32.0,42.0,-48.5,90.5,-88.5,179.0,-56.0,179.0,-56.0,44,2012
2012-11-11,61.0,145.5,-47.5,193.0,-228.0,421.0,185.0,236.0,10.0,226.0,193.0,1.0,-41.0,42.0,-48.5,90.5,-88.5,90.5,-88.5,45,2012
2012-11-18,10.0,61.0,-84.5,145.5,-47.5,193.0,-228.0,421.0,185.0,236.0,10.0,1.0,0.0,1.0,-41.0,42.0,-48.5,42.0,-48.5,46,2012
2012-11-25,10.0,10.0,-51.0,61.0,-84.5,145.5,-47.5,193.0,-228.0,421.0,185.0,8.0,7.0,1.0,0.0,1.0,-41.0,1.0,-41.0,47,2012
2012-12-02,10.0,10.0,0.0,10.0,-51.0,61.0,-84.5,145.5,-47.5,193.0,-228.0,2.0,-6.0,8.0,7.0,1.0,0.0,1.0,0.0,48,2012
2012-12-09,19.0,10.0,0.0,10.0,0.0,10.0,-51.0,61.0,-84.5,145.5,-47.5,0.0,-2.0,2.0,-6.0,8.0,7.0,8.0,7.0,49,2012
2012-12-16,20.0,19.0,9.0,10.0,0.0,10.0,0.0,10.0,-51.0,61.0,-84.5,0.0,0.0,0.0,-2.0,2.0,-6.0,2.0,-6.0,50,2012
2012-12-23,13.0,20.0,1.0,19.0,9.0,10.0,0.0,10.0,0.0,10.0,-51.0,1.0,1.0,0.0,0.0,0.0,-2.0,0.0,-2.0,51,2012
2012-12-30,14.0,13.0,-7.0,20.0,1.0,19.0,9.0,10.0,0.0,10.0,0.0,1.0,0.0,1.0,1.0,0.0,0.0,0.0,0.0,52,2012
2013-02-24,6.0,3.0,-7.0,10.0,0.0,10.0,6.0,4.0,-10.0,14.0,6.0,2.0,0.0,2.0,2.0,0.0,0.0,0.0,0.0,8,2013
2013-03-03,9.0,6.0,3.0,3.0,-7.0,10.0,0.0,10.0,6.0,4.0,-10.0,0.0,-2.0,2.0,0.0,2.0,2.0,2.0,2.0,9,2013
2013-03-10,10.0,9.0,3.0,6.0,3.0,3.0,-7.0,10.0,0.0,10.0,6.0,0.0,0.0,0.0,-2.0,2.0,0.0,2.0,0.0,10,2013
2013-03-17,0.0,10.0,1.0,9.0,3.0,6.0,3.0,3.0,-7.0,10.0,0.0,3.0,3.0,0.0,0.0,0.0,-2.0,0.0,-2.0,11,2013
2013-03-24,1.0,0.0,-10.0,10.0,1.0,9.0,3.0,6.0,3.0,3.0,-7.0,10.0,7.0,3.0,3.0,0.0,0.0,0.0,0.0,12,2013
2013-03-31,2.0,1.0,1.0,0.0,-10.0,10.0,1.0,9.0,3.0,6.0,3.0,35.0,25.0,10.0,7.0,3.0,3.0,3.0,3.0,13,2013
2013-04-07,4.0,2.0,1.0,1.0,1.0,0.0,-10.0,10.0,1.0,9.0,3.0,10.0,-25.0,35.0,25.0,10.0,7.0,10.0,7.0,14,2013
2013-04-14,5.0,4.0,2.0,2.0,1.0,1.0,1.0,0.0,-10.0,10.0,1.0,72.0,62.0,10.0,-25.0,35.0,25.0,35.0,25.0,15,2013
2013-04-21,73.0,5.0,1.0,4.0,2.0,2.0,1.0,1.0,1.0,0.0,-10.0,63.0,-9.0,72.0,62.0,10.0,-25.0,10.0,-25.0,16,2013
2013-04-28,158.5,73.0,68.0,5.0,1.0,4.0,2.0,2.0,1.0,1.0,1.0,211.0,148.0,63.0,-9.0,72.0,62.0,72.0,62.0,17,2013
2013-05-05,272.0,158.5,85.5,73.0,68.0,5.0,1.0,4.0,2.0,2.0,1.0,709.0,498.0,211.0,148.0,63.0,-9.0,63.0,-9.0,18,2013
2013-05-12,114.0,272.0,113.5,158.5,85.5,73.0,68.0,5.0,1.0,4.0,2.0,168.5,-540.5,709.0,498.0,211.0,148.0,211.0,148.0,19,2013
2013-05-19,213.0,114.0,-158.0,272.0,113.5,158.5,85.5,73.0,68.0,5.0,1.0,8.0,-160.5,168.5,-540.5,709.0,498.0,709.0,498.0,20,2013
2013-05-26,82.0,213.0,99.0,114.0,-158.0,272.0,113.5,158.5,85.5,73.0,68.0,0.0,-8.0,8.0,-160.5,168.5,-540.5,168.5,-540.5,21,2013
2013-06-02,1.0,82.0,-131.0,213.0,99.0,114.0,-158.0,272.0,113.5,158.5,85.5,0.0,0.0,0.0,-8.0,8.0,-160.5,8.0,-160.5,22,2013
2013-06-09,0.0,1.0,-81.0,82.0,-131.0,213.0,99.0,114.0,-158.0,272.0,113.5,0.0,0.0,0.0,0.0,0.0,-8.0,0.0,-8.0,23,2013
2013-06-16,0.0,0.0,-1.0,1.0,-81.0,82.0,-131.0,213.0,99.0,114.0,-158.0,0.0,0.0,0.0,0.0,0.0,0.0,0.0,0.0,24,2013
2013-06-23,0.0,0.0,0.0,0.0,-1.0,1.0,-81.0,82.0,-131.0,213.0,99.0,0.0,0.0,0.0,0.0,0.0,0.0,0.0,0.0,25,2013
2013-06-30,0.0,0.0,0.0,0.0,0.0,0.0,-1.0,1.0,-81.0,82.0,-131.0,0.0,0.0,0.0,0.0,0.0,0.0,0.0,0.0,26,2013
2013-07-07,0.0,0.0,0.0,0.0,0.0,0.0,0.0,0.0,-1.0,1.0,-81.0,0.0,0.0,0.0,0.0,0.0,0.0,0.0,0.0,27,2013
2013-07-14,0.0,0.0,0.0,0.0,0.0,0.0,0.0,0.0,0.0,0.0,-1.0,0.0,0.0,0.0,0.0,0.0,0.0,0.0,0.0,28,2013
2013-07-21,0.0,0.0,0.0,0.0,0.0,0.0,0.0,0.0,0.0,0.0,0.0,0.0,0.0,0.0,0.0,0.0,0.0,0.0,0.0,29,2013
2013-07-28,0.0,0.0,0.0,0.0,0.0,0.0,0.0,0.0,0.0,0.0,0.0,0.0,0.0,0.0,0.0,0.0,0.0,0.0,0.0,30,2013
2013-08-04,0.0,0.0,0.0,0.0,0.0,0.0,0.0,0.0,0.0,0.0,0.0,0.0,0.0,0.0,0.0,0.0,0.0,0.0,0.0,31,2013
2013-08-11,0.0,0.0,0.0,0.0,0.0,0.0,0.0,0.0,0.0,0.0,0.0,0.0,0.0,0.0,0.0,0.0,0.0,0.0,0.0,32,2013
2013-08-18,0.0,0.0,0.0,0.0,0.0,0.0,0.0,0.0,0.0,0.0,0.0,0.0,0.0,0.0,0.0,0.0,0.0,0.0,0.0,33,2013
2013-08-25,0.0,0.0,0.0,0.0,0.0,0.0,0.0,0.0,0.0,0.0,0.0,0.0,0.0,0.0,0.0,0.0,0.0,0.0,0.0,34,2013
2013-09-01,0.0,0.0,0.0,0.0,0.0,0.0,0.0,0.0,0.0,0.0,0.0,1.0,1.0,0.0,0.0,0.0,0.0,0.0,0.0,35,2013
2013-09-08,0.0,0.0,0.0,0.0,0.0,0.0,0.0,0.0,0.0,0.0,0.0,0.0,-1.0,1.0,1.0,0.0,0.0,0.0,0.0,36,2013
2013-09-15,4.0,0.0,0.0,0.0,0.0,0.0,0.0,0.0,0.0,0.0,0.0,3.0,3.0,0.0,-1.0,1.0,1.0,1.0,1.0,37,2013
2013-09-22,0.0,4.0,4.0,0.0,0.0,0.0,0.0,0.0,0.0,0.0,0.0,1.0,-2.0,3.0,3.0,0.0,-1.0,0.0,-1.0,38,2013
2013-09-29,1.0,0.0,-4.0,4.0,4.0,0.0,0.0,0.0,0.0,0.0,0.0,33.0,32.0,1.0,-2.0,3.0,3.0,3.0,3.0,39,2013
2013-10-06,35.0,1.0,1.0,0.0,-4.0,4.0,4.0,0.0,0.0,0.0,0.0,226.0,193.0,33.0,32.0,1.0,-2.0,1.0,-2.0,40,2013
2013-10-13,132.0,35.0,34.0,1.0,1.0,0.0,-4.0,4.0,4.0,0.0,0.0,236.0,10.0,226.0,193.0,33.0,32.0,33.0,32.0,41,2013
2013-10-20,333.0,132.0,97.0,35.0,34.0,1.0,1.0,0.0,-4.0,4.0,4.0,421.0,185.0,236.0,10.0,226.0,193.0,226.0,193.0,42,2013
2013-10-27,588.5,333.0,201.0,132.0,97.0,35.0,34.0,1.0,1.0,0.0,-4.0,193.0,-228.0,421.0,185.0,236.0,10.0,236.0,10.0,43,2013
2013-11-03,231.0,588.5,255.5,333.0,201.0,132.0,97.0,35.0,34.0,1.0,1.0,145.5,-47.5,193.0,-228.0,421.0,185.0,421.0,185.0,44,2013
2013-11-10,140.0,231.0,-357.5,588.5,255.5,333.0,201.0,132.0,97.0,35.0,34.0,61.0,-84.5,145.5,-47.5,193.0,-228.0,193.0,-228.0,45,2013
2013-11-17,31.0,140.0,-91.0,231.0,-357.5,588.5,255.5,333.0,201.0,132.0,97.0,10.0,-51.0,61.0,-84.5,145.5,-47.5,145.5,-47.5,46,2013
2013-11-24,26.0,31.0,-109.0,140.0,-91.0,231.0,-357.5,588.5,255.5,333.0,201.0,10.0,0.0,10.0,-51.0,61.0,-84.5,61.0,-84.5,47,2013
2013-12-01,6.0,26.0,-5.0,31.0,-109.0,140.0,-91.0,231.0,-357.5,588.5,255.5,10.0,0.0,10.0,0.0,10.0,-51.0,10.0,-51.0,48,2013
2013-12-08,28.0,6.0,-20.0,26.0,-5.0,31.0,-109.0,140.0,-91.0,231.0,-357.5,19.0,9.0,10.0,0.0,10.0,0.0,10.0,0.0,49,2013
2013-12-15,10.0,28.0,22.0,6.0,-20.0,26.0,-5.0,31.0,-109.0,140.0,-91.0,20.0,1.0,19.0,9.0,10.0,0.0,10.0,0.0,50,2013
2013-12-22,49.0,10.0,-18.0,28.0,22.0,6.0,-20.0,26.0,-5.0,31.0,-109.0,13.0,-7.0,20.0,1.0,19.0,9.0,19.0,9.0,51,2013
2013-12-29,49.0,49.0,39.0,10.0,-18.0,28.0,22.0,6.0,-20.0,26.0,-5.0,14.0,1.0,13.0,-7.0,20.0,1.0,20.0,1.0,52,2013
2014-02-02,16.0,46.0,24.0,22.0,1.0,21.0,3.0,18.0,-31.0,49.0,0.0,10.0,6.0,4.0,-10.0,14.0,6.0,14.0,6.0,5,2014
2014-02-09,23.0,16.0,-30.0,46.0,24.0,22.0,1.0,21.0,3.0,18.0,-31.0,10.0,0.0,10.0,6.0,4.0,-10.0,4.0,-10.0,6,2014
2014-02-16,5.0,23.0,7.0,16.0,-30.0,46.0,24.0,22.0,1.0,21.0,3.0,3.0,-7.0,10.0,0.0,10.0,6.0,10.0,6.0,7,2014
2014-02-23,5.0,5.0,-18.0,23.0,7.0,16.0,-30.0,46.0,24.0,22.0,1.0,6.0,3.0,3.0,-7.0,10.0,0.0,10.0,0.0,8,2014
2014-03-02,19.0,5.0,0.0,5.0,-18.0,23.0,7.0,16.0,-30.0,46.0,24.0,9.0,3.0,6.0,3.0,3.0,-7.0,3.0,-7.0,9,2014
2014-03-09,12.0,19.0,14.0,5.0,0.0,5.0,-18.0,23.0,7.0,16.0,-30.0,10.0,1.0,9.0,3.0,6.0,3.0,6.0,3.0,10,2014
2014-03-16,8.0,12.0,-7.0,19.0,14.0,5.0,0.0,5.0,-18.0,23.0,7.0,0.0,-10.0,10.0,1.0,9.0,3.0,9.0,3.0,11,2014
2014-03-23,9.0,8.0,-4.0,12.0,-7.0,19.0,14.0,5.0,0.0,5.0,-18.0,1.0,1.0,0.0,-10.0,10.0,1.0,10.0,1.0,12,2014
2014-03-30,9.0,9.0,1.0,8.0,-4.0,12.0,-7.0,19.0,14.0,5.0,0.0,2.0,1.0,1.0,1.0,0.0,-10.0,0.0,-10.0,13,2014
2014-04-06,10.0,9.0,0.0,9.0,1.0,8.0,-4.0,12.0,-7.0,19.0,14.0,4.0,2.0,2.0,1.0,1.0,1.0,1.0,1.0,14,2014
2014-04-13,14.0,10.0,1.0,9.0,0.0,9.0,1.0,8.0,-4.0,12.0,-7.0,5.0,1.0,4.0,2.0,2.0,1.0,2.0,1.0,15,2014
2014-04-20,80.0,14.0,4.0,10.0,1.0,9.0,0.0,9.0,1.0,8.0,-4.0,73.0,68.0,5.0,1.0,4.0,2.0,4.0,2.0,16,2014
2014-04-27,279.0,80.0,66.0,14.0,4.0,10.0,1.0,9.0,0.0,9.0,1.0,158.5,85.5,73.0,68.0,5.0,1.0,5.0,1.0,17,2014
2014-05-04,262.5,279.0,199.0,80.0,66.0,14.0,4.0,10.0,1.0,9.0,0.0,272.0,113.5,158.5,85.5,73.0,68.0,73.0,68.0,18,2014
2014-05-11,499.0,262.5,-16.5,279.0,199.0,80.0,66.0,14.0,4.0,10.0,1.0,114.0,-158.0,272.0,113.5,158.5,85.5,158.5,85.5,19,2014
2014-05-18,306.5,499.0,236.5,262.5,-16.5,279.0,199.0,80.0,66.0,14.0,4.0,213.0,99.0,114.0,-158.0,272.0,113.5,272.0,113.5,20,2014
2014-05-25,25.0,306.5,-192.5,499.0,236.5,262.5,-16.5,279.0,199.0,80.0,66.0,82.0,-131.0,213.0,99.0,114.0,-158.0,114.0,-158.0,21,2014
2014-06-01,3.0,25.0,-281.5,306.5,-192.5,499.0,236.5,262.5,-16.5,279.0,199.0,1.0,-81.0,82.0,-131.0,213.0,99.0,213.0,99.0,22,2014
2014-06-08,0.0,3.0,-22.0,25.0,-281.5,306.5,-192.5,499.0,236.5,262.5,-16.5,0.0,-1.0,1.0,-81.0,82.0,-131.0,82.0,-131.0,23,2014
2014-06-15,0.0,0.0,-3.0,3.0,-22.0,25.0,-281.5,306.5,-192.5,499.0,236.5,0.0,0.0,0.0,-1.0,1.0,-81.0,1.0,-81.0,24,2014
2014-06-22,0.0,0.0,0.0,0.0,-3.0,3.0,-22.0,25.0,-281.5,306.5,-192.5,0.0,0.0,0.0,0.0,0.0,-1.0,0.0,-1.0,25,2014
2014-06-29,0.0,0.0,0.0,0.0,0.0,0.0,-3.0,3.0,-22.0,25.0,-281.5,0.0,0.0,0.0,0.0,0.0,0.0,0.0,0.0,26,2014
2014-07-06,0.0,0.0,0.0,0.0,0.0,0.0,0.0,0.0,-3.0,3.0,-22.0,0.0,0.0,0.0,0.0,0.0,0.0,0.0,0.0,27,2014
2014-07-13,0.0,0.0,0.0,0.0,0.0,0.0,0.0,0.0,0.0,0.0,-3.0,0.0,0.0,0.0,0.0,0.0,0.0,0.0,0.0,28,2014
2014-07-20,0.0,0.0,0.0,0.0,0.0,0.0,0.0,0.0,0.0,0.0,0.0,0.0,0.0,0.0,0.0,0.0,0.0,0.0,0.0,29,2014
2014-07-27,0.0,0.0,0.0,0.0,0.0,0.0,0.0,0.0,0.0,0.0,0.0,0.0,0.0,0.0,0.0,0.0,0.0,0.0,0.0,30,2014
2014-08-03,0.0,0.0,0.0,0.0,0.0,0.0,0.0,0.0,0.0,0.0,0.0,0.0,0.0,0.0,0.0,0.0,0.0,0.0,0.0,31,2014
2014-08-10,0.0,0.0,0.0,0.0,0.0,0.0,0.0,0.0,0.0,0.0,0.0,0.0,0.0,0.0,0.0,0.0,0.0,0.0,0.0,32,2014
2014-08-17,0.0,0.0,0.0,0.0,0.0,0.0,0.0,0.0,0.0,0.0,0.0,0.0,0.0,0.0,0.0,0.0,0.0,0.0,0.0,33,2014
2014-08-24,0.0,0.0,0.0,0.0,0.0,0.0,0.0,0.0,0.0,0.0,0.0,0.0,0.0,0.0,0.0,0.0,0.0,0.0,0.0,34,2014
2014-08-31,0.0,0.0,0.0,0.0,0.0,0.0,0.0,0.0,0.0,0.0,0.0,0.0,0.0,0.0,0.0,0.0,0.0,0.0,0.0,35,2014
2014-09-07,0.0,0.0,0.0,0.0,0.0,0.0,0.0,0.0,0.0,0.0,0.0,0.0,0.0,0.0,0.0,0.0,0.0,0.0,0.0,36,2014
2014-09-14,0.0,0.0,0.0,0.0,0.0,0.0,0.0,0.0,0.0,0.0,0.0,4.0,4.0,0.0,0.0,0.0,0.0,0.0,0.0,37,2014
2014-09-21,0.0,0.0,0.0,0.0,0.0,0.0,0.0,0.0,0.0,0.0,0.0,0.0,-4.0,4.0,4.0,0.0,0.0,0.0,0.0,38,2014
2014-09-28,1.0,0.0,0.0,0.0,0.0,0.0,0.0,0.0,0.0,0.0,0.0,1.0,1.0,0.0,-4.0,4.0,4.0,4.0,4.0,39,2014
2014-10-05,43.0,1.0,1.0,0.0,0.0,0.0,0.0,0.0,0.0,0.0,0.0,35.0,34.0,1.0,1.0,0.0,-4.0,0.0,-4.0,40,2014
2014-10-12,234.0,43.0,42.0,1.0,1.0,0.0,0.0,0.0,0.0,0.0,0.0,132.0,97.0,35.0,34.0,1.0,1.0,1.0,1.0,41,2014
2014-10-19,221.0,234.0,191.0,43.0,42.0,1.0,1.0,0.0,0.0,0.0,0.0,333.0,201.0,132.0,97.0,35.0,34.0,35.0,34.0,42,2014
2014-10-26,390.0,221.0,-13.0,234.0,191.0,43.0,42.0,1.0,1.0,0.0,0.0,588.5,255.5,333.0,201.0,132.0,97.0,132.0,97.0,43,2014
2014-11-02,177.0,390.0,169.0,221.0,-13.0,234.0,191.0,43.0,42.0,1.0,1.0,231.0,-357.5,588.5,255.5,333.0,201.0,333.0,201.0,44,2014
2014-11-09,71.0,177.0,-213.0,390.0,169.0,221.0,-13.0,234.0,191.0,43.0,42.0,140.0,-91.0,231.0,-357.5,588.5,255.5,588.5,255.5,45,2014
2014-11-16,30.0,71.0,-106.0,177.0,-213.0,390.0,169.0,221.0,-13.0,234.0,191.0,31.0,-109.0,140.0,-91.0,231.0,-357.5,231.0,-357.5,46,2014
2014-11-23,5.0,30.0,-41.0,71.0,-106.0,177.0,-213.0,390.0,169.0,221.0,-13.0,26.0,-5.0,31.0,-109.0,140.0,-91.0,140.0,-91.0,47,2014
2014-11-30,10.0,5.0,-25.0,30.0,-41.0,71.0,-106.0,177.0,-213.0,390.0,169.0,6.0,-20.0,26.0,-5.0,31.0,-109.0,31.0,-109.0,48,2014
2014-12-07,12.0,10.0,5.0,5.0,-25.0,30.0,-41.0,71.0,-106.0,177.0,-213.0,28.0,22.0,6.0,-20.0,26.0,-5.0,26.0,-5.0,49,2014
2014-12-14,1.0,12.0,2.0,10.0,5.0,5.0,-25.0,30.0,-41.0,71.0,-106.0,10.0,-18.0,28.0,22.0,6.0,-20.0,6.0,-20.0,50,2014
2014-12-21,5.0,1.0,-11.0,12.0,2.0,10.0,5.0,5.0,-25.0,30.0,-41.0,49.0,39.0,10.0,-18.0,28.0,22.0,28.0,22.0,51,2014
2014-12-28,7.0,5.0,4.0,1.0,-11.0,12.0,2.0,10.0,5.0,5.0,-25.0,49.0,0.0,49.0,39.0,10.0,-18.0,10.0,-18.0,52,2014
2015-01-04,1.0,7.0,2.0,5.0,4.0,1.0,-11.0,12.0,2.0,10.0,5.0,18.0,-31.0,49.0,0.0,49.0,39.0,49.0,39.0,1,2015
2015-01-11,13.0,1.0,-6.0,7.0,2.0,5.0,4.0,1.0,-11.0,12.0,2.0,21.0,3.0,18.0,-31.0,49.0,0.0,49.0,0.0,2,2015
2015-01-18,6.0,13.0,12.0,1.0,-6.0,7.0,2.0,5.0,4.0,1.0,-11.0,22.0,1.0,21.0,3.0,18.0,-31.0,18.0,-31.0,3,2015
2015-01-25,3.0,6.0,-7.0,13.0,12.0,1.0,-6.0,7.0,2.0,5.0,4.0,46.0,24.0,22.0,1.0,21.0,3.0,21.0,3.0,4,2015
2015-02-01,3.0,3.0,-3.0,6.0,-7.0,13.0,12.0,1.0,-6.0,7.0,2.0,16.0,-30.0,46.0,24.0,22.0,1.0,22.0,1.0,5,2015
2015-02-08,5.0,3.0,0.0,3.0,-3.0,6.0,-7.0,13.0,12.0,1.0,-6.0,23.0,7.0,16.0,-30.0,46.0,24.0,46.0,24.0,6,2015
2015-02-15,4.0,5.0,2.0,3.0,0.0,3.0,-3.0,6.0,-7.0,13.0,12.0,5.0,-18.0,23.0,7.0,16.0,-30.0,16.0,-30.0,7,2015
2015-02-22,2.0,4.0,-1.0,5.0,2.0,3.0,0.0,3.0,-3.0,6.0,-7.0,5.0,0.0,5.0,-18.0,23.0,7.0,23.0,7.0,8,2015
2015-03-01,2.0,2.0,-2.0,4.0,-1.0,5.0,2.0,3.0,0.0,3.0,-3.0,19.0,14.0,5.0,0.0,5.0,-18.0,5.0,-18.0,9,2015
2015-03-08,3.0,2.0,0.0,2.0,-2.0,4.0,-1.0,5.0,2.0,3.0,0.0,12.0,-7.0,19.0,14.0,5.0,0.0,5.0,0.0,10,2015
2015-03-15,5.0,3.0,1.0,2.0,0.0,2.0,-2.0,4.0,-1.0,5.0,2.0,8.0,-4.0,12.0,-7.0,19.0,14.0,19.0,14.0,11,2015
2015-03-22,3.0,5.0,2.0,3.0,1.0,2.0,0.0,2.0,-2.0,4.0,-1.0,9.0,1.0,8.0,-4.0,12.0,-7.0,12.0,-7.0,12,2015
2015-03-29,1.0,3.0,-2.0,5.0,2.0,3.0,1.0,2.0,0.0,2.0,-2.0,9.0,0.0,9.0,1.0,8.0,-4.0,8.0,-4.0,13,2015
2015-04-05,6.0,1.0,-2.0,3.0,-2.0,5.0,2.0,3.0,1.0,2.0,0.0,10.0,1.0,9.0,0.0,9.0,1.0,9.0,1.0,14,2015
2015-04-12,12.0,6.0,5.0,1.0,-2.0,3.0,-2.0,5.0,2.0,3.0,1.0,14.0,4.0,10.0,1.0,9.0,0.0,9.0,0.0,15,2015
2015-04-19,24.0,12.0,6.0,6.0,5.0,1.0,-2.0,3.0,-2.0,5.0,2.0,80.0,66.0,14.0,4.0,10.0,1.0,10.0,1.0,16,2015
2015-04-26,111.0,24.0,12.0,12.0,6.0,6.0,5.0,1.0,-2.0,3.0,-2.0,279.0,199.0,80.0,66.0,14.0,4.0,14.0,4.0,17,2015
2015-05-03,388.0,111.0,87.0,24.0,12.0,12.0,6.0,6.0,5.0,1.0,-2.0,262.5,-16.5,279.0,199.0,80.0,66.0,80.0,66.0,18,2015
2015-05-10,325.5,388.0,277.0,111.0,87.0,24.0,12.0,12.0,6.0,6.0,5.0,499.0,236.5,262.5,-16.5,279.0,199.0,279.0,199.0,19,2015
2015-05-17,442.0,325.5,-62.5,388.0,277.0,111.0,87.0,24.0,12.0,12.0,6.0,306.5,-192.5,499.0,236.5,262.5,-16.5,262.5,-16.5,20,2015
2015-05-24,39.0,442.0,116.5,325.5,-62.5,388.0,277.0,111.0,87.0,24.0,12.0,25.0,-281.5,306.5,-192.5,499.0,236.5,499.0,236.5,21,2015
2015-05-31,16.0,39.0,-403.0,442.0,116.5,325.5,-62.5,388.0,277.0,111.0,87.0,3.0,-22.0,25.0,-281.5,306.5,-192.5,306.5,-192.5,22,2015
2015-06-07,0.0,16.0,-23.0,39.0,-403.0,442.0,116.5,325.5,-62.5,388.0,277.0,0.0,-3.0,3.0,-22.0,25.0,-281.5,25.0,-281.5,23,2015
2015-06-14,0.0,0.0,-16.0,16.0,-23.0,39.0,-403.0,442.0,116.5,325.5,-62.5,0.0,0.0,0.0,-3.0,3.0,-22.0,3.0,-22.0,24,2015
2015-06-21,0.0,0.0,0.0,0.0,-16.0,16.0,-23.0,39.0,-403.0,442.0,116.5,0.0,0.0,0.0,0.0,0.0,-3.0,0.0,-3.0,25,2015
2015-06-28,0.0,0.0,0.0,0.0,0.0,0.0,-16.0,16.0,-23.0,39.0,-403.0,0.0,0.0,0.0,0.0,0.0,0.0,0.0,0.0,26,2015
2015-07-05,0.0,0.0,0.0,0.0,0.0,0.0,0.0,0.0,-16.0,16.0,-23.0,0.0,0.0,0.0,0.0,0.0,0.0,0.0,0.0,27,2015
2015-07-12,0.0,0.0,0.0,0.0,0.0,0.0,0.0,0.0,0.0,0.0,-16.0,0.0,0.0,0.0,0.0,0.0,0.0,0.0,0.0,28,2015
2015-07-19,0.0,0.0,0.0,0.0,0.0,0.0,0.0,0.0,0.0,0.0,0.0,0.0,0.0,0.0,0.0,0.0,0.0,0.0,0.0,29,2015
2015-07-26,0.0,0.0,0.0,0.0,0.0,0.0,0.0,0.0,0.0,0.0,0.0,0.0,0.0,0.0,0.0,0.0,0.0,0.0,0.0,30,2015
2015-08-02,0.0,0.0,0.0,0.0,0.0,0.0,0.0,0.0,0.0,0.0,0.0,0.0,0.0,0.0,0.0,0.0,0.0,0.0,0.0,31,2015
2015-08-09,0.0,0.0,0.0,0.0,0.0,0.0,0.0,0.0,0.0,0.0,0.0,0.0,0.0,0.0,0.0,0.0,0.0,0.0,0.0,32,2015
2015-08-16,0.0,0.0,0.0,0.0,0.0,0.0,0.0,0.0,0.0,0.0,0.0,0.0,0.0,0.0,0.0,0.0,0.0,0.0,0.0,33,2015
2015-08-23,0.0,0.0,0.0,0.0,0.0,0.0,0.0,0.0,0.0,0.0,0.0,0.0,0.0,0.0,0.0,0.0,0.0,0.0,0.0,34,2015
2015-08-30,0.0,0.0,0.0,0.0,0.0,0.0,0.0,0.0,0.0,0.0,0.0,0.0,0.0,0.0,0.0,0.0,0.0,0.0,0.0,35,2015
2015-09-06,0.0,0.0,0.0,0.0,0.0,0.0,0.0,0.0,0.0,0.0,0.0,0.0,0.0,0.0,0.0,0.0,0.0,0.0,0.0,36,2015
2015-09-13,0.0,0.0,0.0,0.0,0.0,0.0,0.0,0.0,0.0,0.0,0.0,0.0,0.0,0.0,0.0,0.0,0.0,0.0,0.0,37,2015
2015-09-20,0.0,0.0,0.0,0.0,0.0,0.0,0.0,0.0,0.0,0.0,0.0,0.0,0.0,0.0,0.0,0.0,0.0,0.0,0.0,38,2015
2015-09-27,0.0,0.0,0.0,0.0,0.0,0.0,0.0,0.0,0.0,0.0,0.0,1.0,1.0,0.0,0.0,0.0,0.0,0.0,0.0,39,2015
2015-10-04,54.0,0.0,0.0,0.0,0.0,0.0,0.0,0.0,0.0,0.0,0.0,43.0,42.0,1.0,1.0,0.0,0.0,0.0,0.0,40,2015
2015-10-11,72.0,54.0,54.0,0.0,0.0,0.0,0.0,0.0,0.0,0.0,0.0,234.0,191.0,43.0,42.0,1.0,1.0,1.0,1.0,41,2015
2015-10-18,193.0,72.0,18.0,54.0,54.0,0.0,0.0,0.0,0.0,0.0,0.0,221.0,-13.0,234.0,191.0,43.0,42.0,43.0,42.0,42,2015
2015-10-25,322.5,193.0,121.0,72.0,18.0,54.0,54.0,0.0,0.0,0.0,0.0,390.0,169.0,221.0,-13.0,234.0,191.0,234.0,191.0,43,2015
2015-11-01,121.0,322.5,129.5,193.0,121.0,72.0,18.0,54.0,54.0,0.0,0.0,177.0,-213.0,390.0,169.0,221.0,-13.0,221.0,-13.0,44,2015
2015-11-08,125.0,121.0,-201.5,322.5,129.5,193.0,121.0,72.0,18.0,54.0,54.0,71.0,-106.0,177.0,-213.0,390.0,169.0,390.0,169.0,45,2015
2015-11-15,56.0,125.0,4.0,121.0,-201.5,322.5,129.5,193.0,121.0,72.0,18.0,30.0,-41.0,71.0,-106.0,177.0,-213.0,177.0,-213.0,46,2015
2015-11-22,26.0,56.0,-69.0,125.0,4.0,121.0,-201.5,322.5,129.5,193.0,121.0,5.0,-25.0,30.0,-41.0,71.0,-106.0,71.0,-106.0,47,2015
2015-11-29,42.0,26.0,-30.0,56.0,-69.0,125.0,4.0,121.0,-201.5,322.5,129.5,10.0,5.0,5.0,-25.0,30.0,-41.0,30.0,-41.0,48,2015
2015-12-06,15.0,42.0,16.0,26.0,-30.0,56.0,-69.0,125.0,4.0,121.0,-201.5,12.0,2.0,10.0,5.0,5.0,-25.0,5.0,-25.0,49,2015
2015-12-13,8.0,15.0,-27.0,42.0,16.0,26.0,-30.0,56.0,-69.0,125.0,4.0,1.0,-11.0,12.0,2.0,10.0,5.0,10.0,5.0,50,2015
2015-12-20,4.0,8.0,-7.0,15.0,-27.0,42.0,16.0,26.0,-30.0,56.0,-69.0,5.0,4.0,1.0,-11.0,12.0,2.0,12.0,2.0,51,2015
2015-12-27,4.0,4.0,-4.0,8.0,-7.0,15.0,-27.0,42.0,16.0,26.0,-30.0,7.0,2.0,5.0,4.0,1.0,-11.0,1.0,-11.0,52,2015
2016-01-03,16.0,4.0,0.0,4.0,-4.0,8.0,-7.0,15.0,-27.0,42.0,16.0,1.0,-6.0,7.0,2.0,5.0,4.0,5.0,4.0,53,2016
2016-01-10,11.0,16.0,12.0,4.0,0.0,4.0,-4.0,8.0,-7.0,15.0,-27.0,13.0,12.0,1.0,-6.0,7.0,2.0,7.0,2.0,1,2016
2016-01-17,4.0,11.0,-5.0,16.0,12.0,4.0,0.0,4.0,-4.0,8.0,-7.0,6.0,-7.0,13.0,12.0,1.0,-6.0,1.0,-6.0,2,2016
2016-01-24,0.0,4.0,-7.0,11.0,-5.0,16.0,12.0,4.0,0.0,4.0,-4.0,3.0,-3.0,6.0,-7.0,13.0,12.0,13.0,12.0,3,2016
2016-01-31,1.0,0.0,-4.0,4.0,-7.0,11.0,-5.0,16.0,12.0,4.0,0.0,3.0,0.0,3.0,-3.0,6.0,-7.0,6.0,-7.0,4,2016
2016-02-07,6.0,1.0,1.0,0.0,-4.0,4.0,-7.0,11.0,-5.0,16.0,12.0,5.0,2.0,3.0,0.0,3.0,-3.0,3.0,-3.0,5,2016
2016-02-14,2.0,6.0,5.0,1.0,1.0,0.0,-4.0,4.0,-7.0,11.0,-5.0,4.0,-1.0,5.0,2.0,3.0,0.0,3.0,0.0,6,2016
2016-02-21,28.0,2.0,-4.0,6.0,5.0,1.0,1.0,0.0,-4.0,4.0,-7.0,2.0,-2.0,4.0,-1.0,5.0,2.0,5.0,2.0,7,2016
2016-02-28,22.0,28.0,26.0,2.0,-4.0,6.0,5.0,1.0,1.0,0.0,-4.0,2.0,0.0,2.0,-2.0,4.0,-1.0,4.0,-1.0,8,2016
2016-03-06,35.0,22.0,-6.0,28.0,26.0,2.0,-4.0,6.0,5.0,1.0,1.0,3.0,1.0,2.0,0.0,2.0,-2.0,2.0,-2.0,9,2016
2016-03-13,14.0,35.0,13.0,22.0,-6.0,28.0,26.0,2.0,-4.0,6.0,5.0,5.0,2.0,3.0,1.0,2.0,0.0,2.0,0.0,10,2016
2016-03-20,1.0,14.0,-21.0,35.0,13.0,22.0,-6.0,28.0,26.0,2.0,-4.0,3.0,-2.0,5.0,2.0,3.0,1.0,3.0,1.0,11,2016
2016-03-27,2.0,1.0,-13.0,14.0,-21.0,35.0,13.0,22.0,-6.0,28.0,26.0,1.0,-2.0,3.0,-2.0,5.0,2.0,5.0,2.0,12,2016
2016-04-03,17.0,2.0,1.0,1.0,-13.0,14.0,-21.0,35.0,13.0,22.0,-6.0,6.0,5.0,1.0,-2.0,3.0,-2.0,3.0,-2.0,13,2016
2016-04-10,21.0,17.0,15.0,2.0,1.0,1.0,-13.0,14.0,-21.0,35.0,13.0,12.0,6.0,6.0,5.0,1.0,-2.0,1.0,-2.0,14,2016
2016-04-17,83.0,21.0,4.0,17.0,15.0,2.0,1.0,1.0,-13.0,14.0,-21.0,24.0,12.0,12.0,6.0,6.0,5.0,6.0,5.0,15,2016
2016-04-24,237.0,83.0,62.0,21.0,4.0,17.0,15.0,2.0,1.0,1.0,-13.0,111.0,87.0,24.0,12.0,12.0,6.0,12.0,6.0,16,2016
2016-05-01,328.0,237.0,154.0,83.0,62.0,21.0,4.0,17.0,15.0,2.0,1.0,388.0,277.0,111.0,87.0,24.0,12.0,24.0,12.0,17,2016
2016-05-08,417.0,328.0,91.0,237.0,154.0,83.0,62.0,21.0,4.0,17.0,15.0,325.5,-62.5,388.0,277.0,111.0,87.0,111.0,87.0,18,2016
2016-05-15,159.0,417.0,89.0,328.0,91.0,237.0,154.0,83.0,62.0,21.0,4.0,442.0,116.5,325.5,-62.5,388.0,277.0,388.0,277.0,19,2016
2016-05-22,26.0,159.0,-258.0,417.0,89.0,328.0,91.0,237.0,154.0,83.0,62.0,39.0,-403.0,442.0,116.5,325.5,-62.5,325.5,-62.5,20,2016
2016-05-29,0.0,26.0,-133.0,159.0,-258.0,417.0,89.0,328.0,91.0,237.0,154.0,16.0,-23.0,39.0,-403.0,442.0,116.5,442.0,116.5,21,2016
2016-06-05,0.0,0.0,-26.0,26.0,-133.0,159.0,-258.0,417.0,89.0,328.0,91.0,0.0,-16.0,16.0,-23.0,39.0,-403.0,39.0,-403.0,22,2016
2016-06-12,0.0,0.0,0.0,0.0,-26.0,26.0,-133.0,159.0,-258.0,417.0,89.0,0.0,0.0,0.0,-16.0,16.0,-23.0,16.0,-23.0,23,2016
2016-06-19,0.0,0.0,0.0,0.0,0.0,0.0,-26.0,26.0,-133.0,159.0,-258.0,0.0,0.0,0.0,0.0,0.0,-16.0,0.0,-16.0,24,2016
2016-06-26,0.0,0.0,0.0,0.0,0.0,0.0,0.0,0.0,-26.0,26.0,-133.0,0.0,0.0,0.0,0.0,0.0,0.0,0.0,0.0,25,2016
2016-07-03,0.0,0.0,0.0,0.0,0.0,0.0,0.0,0.0,0.0,0.0,-26.0,0.0,0.0,0.0,0.0,0.0,0.0,0.0,0.0,26,2016
2016-07-10,0.0,0.0,0.0,0.0,0.0,0.0,0.0,0.0,0.0,0.0,0.0,0.0,0.0,0.0,0.0,0.0,0.0,0.0,0.0,27,2016
2016-07-17,0.0,0.0,0.0,0.0,0.0,0.0,0.0,0.0,0.0,0.0,0.0,0.0,0.0,0.0,0.0,0.0,0.0,0.0,0.0,28,2016
2016-07-24,0.0,0.0,0.0,0.0,0.0,0.0,0.0,0.0,0.0,0.0,0.0,0.0,0.0,0.0,0.0,0.0,0.0,0.0,0.0,29,2016
2016-07-31,0.0,0.0,0.0,0.0,0.0,0.0,0.0,0.0,0.0,0.0,0.0,0.0,0.0,0.0,0.0,0.0,0.0,0.0,0.0,30,2016
2016-08-07,0.0,0.0,0.0,0.0,0.0,0.0,0.0,0.0,0.0,0.0,0.0,0.0,0.0,0.0,0.0,0.0,0.0,0.0,0.0,31,2016
2016-08-14,1.0,0.0,0.0,0.0,0.0,0.0,0.0,0.0,0.0,0.0,0.0,0.0,0.0,0.0,0.0,0.0,0.0,0.0,0.0,32,2016
2016-08-21,0.0,1.0,1.0,0.0,0.0,0.0,0.0,0.0,0.0,0.0,0.0,0.0,0.0,0.0,0.0,0.0,0.0,0.0,0.0,33,2016
2016-08-28,0.0,0.0,-1.0,1.0,1.0,0.0,0.0,0.0,0.0,0.0,0.0,0.0,0.0,0.0,0.0,0.0,0.0,0.0,0.0,34,2016
2016-09-04,0.0,0.0,0.0,0.0,-1.0,1.0,1.0,0.0,0.0,0.0,0.0,0.0,0.0,0.0,0.0,0.0,0.0,0.0,0.0,35,2016
2016-09-11,0.0,0.0,0.0,0.0,0.0,0.0,-1.0,1.0,1.0,0.0,0.0,0.0,0.0,0.0,0.0,0.0,0.0,0.0,0.0,36,2016
2016-09-18,0.0,0.0,0.0,0.0,0.0,0.0,0.0,0.0,-1.0,1.0,1.0,0.0,0.0,0.0,0.0,0.0,0.0,0.0,0.0,37,2016
2016-09-25,11.0,0.0,0.0,0.0,0.0,0.0,0.0,0.0,0.0,0.0,-1.0,0.0,0.0,0.0,0.0,0.0,0.0,0.0,0.0,38,2016
2016-10-02,70.0,11.0,11.0,0.0,0.0,0.0,0.0,0.0,0.0,0.0,0.0,54.0,54.0,0.0,0.0,0.0,0.0,0.0,0.0,39,2016
2016-10-09,387.0,70.0,59.0,11.0,11.0,0.0,0.0,0.0,0.0,0.0,0.0,72.0,18.0,54.0,54.0,0.0,0.0,0.0,0.0,40,2016
2016-10-16,290.0,387.0,317.0,70.0,59.0,11.0,11.0,0.0,0.0,0.0,0.0,193.0,121.0,72.0,18.0,54.0,54.0,54.0,54.0,41,2016
2016-10-23,312.0,290.0,-97.0,387.0,317.0,70.0,59.0,11.0,11.0,0.0,0.0,322.5,129.5,193.0,121.0,72.0,18.0,72.0,18.0,42,2016
2016-10-30,193.0,312.0,22.0,290.0,-97.0,387.0,317.0,70.0,59.0,11.0,11.0,121.0,-201.5,322.5,129.5,193.0,121.0,193.0,121.0,43,2016
2016-11-06,289.0,193.0,-119.0,312.0,22.0,290.0,-97.0,387.0,317.0,70.0,59.0,125.0,4.0,121.0,-201.5,322.5,129.5,322.5,129.5,44,2016
2016-11-13,16.0,289.0,96.0,193.0,-119.0,312.0,22.0,290.0,-97.0,387.0,317.0,56.0,-69.0,125.0,4.0,121.0,-201.5,121.0,-201.5,45,2016
2016-11-20,4.0,16.0,-273.0,289.0,96.0,193.0,-119.0,312.0,22.0,290.0,-97.0,26.0,-30.0,56.0,-69.0,125.0,4.0,125.0,4.0,46,2016
2016-11-27,0.0,4.0,-12.0,16.0,-273.0,289.0,96.0,193.0,-119.0,312.0,22.0,42.0,16.0,26.0,-30.0,56.0,-69.0,56.0,-69.0,47,2016
2016-12-04,6.0,0.0,-4.0,4.0,-12.0,16.0,-273.0,289.0,96.0,193.0,-119.0,15.0,-27.0,42.0,16.0,26.0,-30.0,26.0,-30.0,48,2016
2016-12-11,5.0,6.0,6.0,0.0,-4.0,4.0,-12.0,16.0,-273.0,289.0,96.0,8.0,-7.0,15.0,-27.0,42.0,16.0,42.0,16.0,49,2016
2016-12-18,0.0,5.0,-1.0,6.0,6.0,0.0,-4.0,4.0,-12.0,16.0,-273.0,4.0,-4.0,8.0,-7.0,15.0,-27.0,15.0,-27.0,50,2016
2016-12-25,14.0,0.0,-5.0,5.0,-1.0,6.0,6.0,0.0,-4.0,4.0,-12.0,4.0,0.0,4.0,-4.0,8.0,-7.0,8.0,-7.0,51,2016
2017-01-01,2.0,14.0,14.0,0.0,-5.0,5.0,-1.0,6.0,6.0,0.0,-4.0,16.0,12.0,4.0,0.0,4.0,-4.0,4.0,-4.0,52,2017
2017-01-08,13.0,2.0,-12.0,14.0,14.0,0.0,-5.0,5.0,-1.0,6.0,6.0,11.0,-5.0,16.0,12.0,4.0,0.0,4.0,0.0,1,2017
2017-01-15,3.0,13.0,11.0,2.0,-12.0,14.0,14.0,0.0,-5.0,5.0,-1.0,4.0,-7.0,11.0,-5.0,16.0,12.0,16.0,12.0,2,2017
2017-01-22,9.0,3.0,-10.0,13.0,11.0,2.0,-12.0,14.0,14.0,0.0,-5.0,0.0,-4.0,4.0,-7.0,11.0,-5.0,11.0,-5.0,3,2017
2017-01-29,2.0,9.0,6.0,3.0,-10.0,13.0,11.0,2.0,-12.0,14.0,14.0,1.0,1.0,0.0,-4.0,4.0,-7.0,4.0,-7.0,4,2017
2017-02-05,5.0,2.0,-7.0,9.0,6.0,3.0,-10.0,13.0,11.0,2.0,-12.0,6.0,5.0,1.0,1.0,0.0,-4.0,0.0,-4.0,5,2017
2017-02-12,2.0,5.0,3.0,2.0,-7.0,9.0,6.0,3.0,-10.0,13.0,11.0,2.0,-4.0,6.0,5.0,1.0,1.0,1.0,1.0,6,2017
2017-02-19,4.0,2.0,-3.0,5.0,3.0,2.0,-7.0,9.0,6.0,3.0,-10.0,28.0,26.0,2.0,-4.0,6.0,5.0,6.0,5.0,7,2017
2017-02-26,4.0,4.0,2.0,2.0,-3.0,5.0,3.0,2.0,-7.0,9.0,6.0,22.0,-6.0,28.0,26.0,2.0,-4.0,2.0,-4.0,8,2017
2017-03-05,0.0,4.0,0.0,4.0,2.0,2.0,-3.0,5.0,3.0,2.0,-7.0,35.0,13.0,22.0,-6.0,28.0,26.0,28.0,26.0,9,2017
2017-03-12,0.0,0.0,-4.0,4.0,0.0,4.0,2.0,2.0,-3.0,5.0,3.0,14.0,-21.0,35.0,13.0,22.0,-6.0,22.0,-6.0,10,2017
2017-03-19,7.0,0.0,0.0,0.0,-4.0,4.0,0.0,4.0,2.0,2.0,-3.0,1.0,-13.0,14.0,-21.0,35.0,13.0,35.0,13.0,11,2017
2017-03-26,0.0,7.0,7.0,0.0,0.0,0.0,-4.0,4.0,0.0,4.0,2.0,2.0,1.0,1.0,-13.0,14.0,-21.0,14.0,-21.0,12,2017
2017-04-02,6.0,0.0,-7.0,7.0,7.0,0.0,0.0,0.0,-4.0,4.0,0.0,17.0,15.0,2.0,1.0,1.0,-13.0,1.0,-13.0,13,2017
2017-04-09,28.0,6.0,6.0,0.0,-7.0,7.0,7.0,0.0,0.0,0.0,-4.0,21.0,4.0,17.0,15.0,2.0,1.0,2.0,1.0,14,2017
2017-04-16,100.0,28.0,22.0,6.0,6.0,0.0,-7.0,7.0,7.0,0.0,0.0,83.0,62.0,21.0,4.0,17.0,15.0,17.0,15.0,15,2017
2017-04-23,334.0,100.0,72.0,28.0,22.0,6.0,6.0,0.0,-7.0,7.0,7.0,237.0,154.0,83.0,62.0,21.0,4.0,21.0,4.0,16,2017
2017-04-30,484.5,334.0,234.0,100.0,72.0,28.0,22.0,6.0,6.0,0.0,-7.0,328.0,91.0,237.0,154.0,83.0,62.0,83.0,62.0,17,2017
2017-05-07,367.0,484.5,150.5,334.0,234.0,100.0,72.0,28.0,22.0,6.0,6.0,417.0,89.0,328.0,91.0,237.0,154.0,237.0,154.0,18,2017
2017-05-14,147.0,367.0,-117.5,484.5,150.5,334.0,234.0,100.0,72.0,28.0,22.0,159.0,-258.0,417.0,89.0,328.0,91.0,328.0,91.0,19,2017
2017-05-21,57.0,147.0,-220.0,367.0,-117.5,484.5,150.5,334.0,234.0,100.0,72.0,26.0,-133.0,159.0,-258.0,417.0,89.0,417.0,89.0,20,2017
2017-05-28,2.0,57.0,-90.0,147.0,-220.0,367.0,-117.5,484.5,150.5,334.0,234.0,0.0,-26.0,26.0,-133.0,159.0,-258.0,159.0,-258.0,21,2017
2017-06-04,0.0,2.0,-55.0,57.0,-90.0,147.0,-220.0,367.0,-117.5,484.5,150.5,0.0,0.0,0.0,-26.0,26.0,-133.0,26.0,-133.0,22,2017
2017-06-11,0.0,0.0,-2.0,2.0,-55.0,57.0,-90.0,147.0,-220.0,367.0,-117.5,0.0,0.0,0.0,0.0,0.0,-26.0,0.0,-26.0,23,2017
2017-06-18,0.0,0.0,0.0,0.0,-2.0,2.0,-55.0,57.0,-90.0,147.0,-220.0,0.0,0.0,0.0,0.0,0.0,0.0,0.0,0.0,24,2017
2017-06-25,0.0,0.0,0.0,0.0,0.0,0.0,-2.0,2.0,-55.0,57.0,-90.0,0.0,0.0,0.0,0.0,0.0,0.0,0.0,0.0,25,2017
2017-07-02,0.0,0.0,0.0,0.0,0.0,0.0,0.0,0.0,-2.0,2.0,-55.0,0.0,0.0,0.0,0.0,0.0,0.0,0.0,0.0,26,2017
2017-07-09,0.0,0.0,0.0,0.0,0.0,0.0,0.0,0.0,0.0,0.0,-2.0,0.0,0.0,0.0,0.0,0.0,0.0,0.0,0.0,27,2017
2017-07-16,0.0,0.0,0.0,0.0,0.0,0.0,0.0,0.0,0.0,0.0,0.0,0.0,0.0,0.0,0.0,0.0,0.0,0.0,0.0,28,2017
2017-07-23,0.0,0.0,0.0,0.0,0.0,0.0,0.0,0.0,0.0,0.0,0.0,0.0,0.0,0.0,0.0,0.0,0.0,0.0,0.0,29,2017
2017-07-30,0.0,0.0,0.0,0.0,0.0,0.0,0.0,0.0,0.0,0.0,0.0,0.0,0.0,0.0,0.0,0.0,0.0,0.0,0.0,30,2017
2017-08-06,0.0,0.0,0.0,0.0,0.0,0.0,0.0,0.0,0.0,0.0,0.0,0.0,0.0,0.0,0.0,0.0,0.0,0.0,0.0,31,2017
2017-08-13,0.0,0.0,0.0,0.0,0.0,0.0,0.0,0.0,0.0,0.0,0.0,1.0,1.0,0.0,0.0,0.0,0.0,0.0,0.0,32,2017
2017-08-20,0.0,0.0,0.0,0.0,0.0,0.0,0.0,0.0,0.0,0.0,0.0,0.0,-1.0,1.0,1.0,0.0,0.0,0.0,0.0,33,2017
2017-08-27,0.0,0.0,0.0,0.0,0.0,0.0,0.0,0.0,0.0,0.0,0.0,0.0,0.0,0.0,-1.0,1.0,1.0,1.0,1.0,34,2017
2017-09-03,0.0,0.0,0.0,0.0,0.0,0.0,0.0,0.0,0.0,0.0,0.0,0.0,0.0,0.0,0.0,0.0,-1.0,0.0,-1.0,35,2017
2017-09-10,1.0,0.0,0.0,0.0,0.0,0.0,0.0,0.0,0.0,0.0,0.0,0.0,0.0,0.0,0.0,0.0,0.0,0.0,0.0,36,2017
2017-09-17,0.0,1.0,1.0,0.0,0.0,0.0,0.0,0.0,0.0,0.0,0.0,0.0,0.0,0.0,0.0,0.0,0.0,0.0,0.0,37,2017
2017-09-24,3.0,0.0,-1.0,1.0,1.0,0.0,0.0,0.0,0.0,0.0,0.0,11.0,11.0,0.0,0.0,0.0,0.0,0.0,0.0,38,2017
2017-10-01,19.0,3.0,3.0,0.0,-1.0,1.0,1.0,0.0,0.0,0.0,0.0,70.0,59.0,11.0,11.0,0.0,0.0,0.0,0.0,39,2017
2017-10-08,63.0,19.0,16.0,3.0,3.0,0.0,-1.0,1.0,1.0,0.0,0.0,387.0,317.0,70.0,59.0,11.0,11.0,11.0,11.0,40,2017
2017-10-15,363.0,63.0,44.0,19.0,16.0,3.0,3.0,0.0,-1.0,1.0,1.0,290.0,-97.0,387.0,317.0,70.0,59.0,70.0,59.0,41,2017
2017-10-22,302.0,363.0,300.0,63.0,44.0,19.0,16.0,3.0,3.0,0.0,-1.0,312.0,22.0,290.0,-97.0,387.0,317.0,387.0,317.0,42,2017
2017-10-29,213.0,302.0,-61.0,363.0,300.0,63.0,44.0,19.0,16.0,3.0,3.0,193.0,-119.0,312.0,22.0,290.0,-97.0,290.0,-97.0,43,2017
2017-11-05,116.0,213.0,-89.0,302.0,-61.0,363.0,300.0,63.0,44.0,19.0,16.0,289.0,96.0,193.0,-119.0,312.0,22.0,312.0,22.0,44,2017
2017-11-12,55.0,116.0,-97.0,213.0,-89.0,302.0,-61.0,363.0,300.0,63.0,44.0,16.0,-273.0,289.0,96.0,193.0,-119.0,193.0,-119.0,45,2017
2017-11-19,26.0,55.0,-61.0,116.0,-97.0,213.0,-89.0,302.0,-61.0,363.0,300.0,4.0,-12.0,16.0,-273.0,289.0,96.0,289.0,96.0,46,2017
2017-11-26,54.0,26.0,-29.0,55.0,-61.0,116.0,-97.0,213.0,-89.0,302.0,-61.0,0.0,-4.0,4.0,-12.0,16.0,-273.0,16.0,-273.0,47,2017
2017-12-03,67.0,54.0,28.0,26.0,-29.0,55.0,-61.0,116.0,-97.0,213.0,-89.0,6.0,6.0,0.0,-4.0,4.0,-12.0,4.0,-12.0,48,2017
2017-12-10,27.0,67.0,13.0,54.0,28.0,26.0,-29.0,55.0,-61.0,116.0,-97.0,5.0,-1.0,6.0,6.0,0.0,-4.0,0.0,-4.0,49,2017
2017-12-17,13.0,27.0,-40.0,67.0,13.0,54.0,28.0,26.0,-29.0,55.0,-61.0,0.0,-5.0,5.0,-1.0,6.0,6.0,6.0,6.0,50,2017
2017-12-24,92.0,13.0,-14.0,27.0,-40.0,67.0,13.0,54.0,28.0,26.0,-29.0,14.0,14.0,0.0,-5.0,5.0,-1.0,5.0,-1.0,51,2017
2017-12-31,10.0,92.0,79.0,13.0,-14.0,27.0,-40.0,67.0,13.0,54.0,28.0,2.0,-12.0,14.0,14.0,0.0,-5.0,0.0,-5.0,52,2017
2018-01-07,17.0,10.0,-82.0,92.0,79.0,13.0,-14.0,27.0,-40.0,67.0,13.0,13.0,11.0,2.0,-12.0,14.0,14.0,14.0,14.0,1,2018
2018-01-14,17.0,17.0,7.0,10.0,-82.0,92.0,79.0,13.0,-14.0,27.0,-40.0,3.0,-10.0,13.0,11.0,2.0,-12.0,2.0,-12.0,2,2018
2018-01-21,19.0,17.0,0.0,17.0,7.0,10.0,-82.0,92.0,79.0,13.0,-14.0,9.0,6.0,3.0,-10.0,13.0,11.0,13.0,11.0,3,2018
2018-01-28,86.0,19.0,2.0,17.0,0.0,17.0,7.0,10.0,-82.0,92.0,79.0,2.0,-7.0,9.0,6.0,3.0,-10.0,3.0,-10.0,4,2018
2018-02-04,28.0,86.0,67.0,19.0,2.0,17.0,0.0,17.0,7.0,10.0,-82.0,5.0,3.0,2.0,-7.0,9.0,6.0,9.0,6.0,5,2018
2018-02-11,2.0,28.0,-58.0,86.0,67.0,19.0,2.0,17.0,0.0,17.0,7.0,2.0,-3.0,5.0,3.0,2.0,-7.0,2.0,-7.0,6,2018
2018-02-18,57.0,2.0,-26.0,28.0,-58.0,86.0,67.0,19.0,2.0,17.0,0.0,4.0,2.0,2.0,-3.0,5.0,3.0,5.0,3.0,7,2018
2018-02-25,31.0,57.0,55.0,2.0,-26.0,28.0,-58.0,86.0,67.0,19.0,2.0,4.0,0.0,4.0,2.0,2.0,-3.0,2.0,-3.0,8,2018
2018-03-04,62.0,31.0,-26.0,57.0,55.0,2.0,-26.0,28.0,-58.0,86.0,67.0,0.0,-4.0,4.0,0.0,4.0,2.0,4.0,2.0,9,2018
2018-03-11,5.0,62.0,31.0,31.0,-26.0,57.0,55.0,2.0,-26.0,28.0,-58.0,0.0,0.0,0.0,-4.0,4.0,0.0,4.0,0.0,10,2018
2018-03-18,1.0,5.0,-57.0,62.0,31.0,31.0,-26.0,57.0,55.0,2.0,-26.0,7.0,7.0,0.0,0.0,0.0,-4.0,0.0,-4.0,11,2018
2018-03-25,10.0,1.0,-4.0,5.0,-57.0,62.0,31.0,31.0,-26.0,57.0,55.0,0.0,-7.0,7.0,7.0,0.0,0.0,0.0,0.0,12,2018
2018-04-01,79.0,10.0,9.0,1.0,-4.0,5.0,-57.0,62.0,31.0,31.0,-26.0,6.0,6.0,0.0,-7.0,7.0,7.0,7.0,7.0,13,2018
2018-04-08,21.0,79.0,69.0,10.0,9.0,1.0,-4.0,5.0,-57.0,62.0,31.0,28.0,22.0,6.0,6.0,0.0,-7.0,0.0,-7.0,14,2018
2018-04-15,183.0,21.0,-58.0,79.0,69.0,10.0,9.0,1.0,-4.0,5.0,-57.0,100.0,72.0,28.0,22.0,6.0,6.0,6.0,6.0,15,2018
2018-04-22,185.0,183.0,162.0,21.0,-58.0,79.0,69.0,10.0,9.0,1.0,-4.0,334.0,234.0,100.0,72.0,28.0,22.0,28.0,22.0,16,2018
2018-04-29,123.0,185.0,2.0,183.0,162.0,21.0,-58.0,79.0,69.0,10.0,9.0,484.5,150.5,334.0,234.0,100.0,72.0,100.0,72.0,17,2018
2018-05-06,698.0,123.0,-62.0,185.0,2.0,183.0,162.0,21.0,-58.0,79.0,69.0,367.0,-117.5,484.5,150.5,334.0,234.0,334.0,234.0,18,2018
2018-05-13,420.0,698.0,575.0,123.0,-62.0,185.0,2.0,183.0,162.0,21.0,-58.0,147.0,-220.0,367.0,-117.5,484.5,150.5,484.5,150.5,19,2018
2018-05-20,47.0,420.0,-278.0,698.0,575.0,123.0,-62.0,185.0,2.0,183.0,162.0,57.0,-90.0,147.0,-220.0,367.0,-117.5,367.0,-117.5,20,2018
2018-05-27,5.0,47.0,-373.0,420.0,-278.0,698.0,575.0,123.0,-62.0,185.0,2.0,2.0,-55.0,57.0,-90.0,147.0,-220.0,147.0,-220.0,21,2018
2018-06-03,0.0,5.0,-42.0,47.0,-373.0,420.0,-278.0,698.0,575.0,123.0,-62.0,0.0,-2.0,2.0,-55.0,57.0,-90.0,57.0,-90.0,22,2018
2018-06-10,0.0,0.0,-5.0,5.0,-42.0,47.0,-373.0,420.0,-278.0,698.0,575.0,0.0,0.0,0.0,-2.0,2.0,-55.0,2.0,-55.0,23,2018
2018-06-17,0.0,0.0,0.0,0.0,-5.0,5.0,-42.0,47.0,-373.0,420.0,-278.0,0.0,0.0,0.0,0.0,0.0,-2.0,0.0,-2.0,24,2018
2018-06-24,0.0,0.0,0.0,0.0,0.0,0.0,-5.0,5.0,-42.0,47.0,-373.0,0.0,0.0,0.0,0.0,0.0,0.0,0.0,0.0,25,2018
2018-07-01,0.0,0.0,0.0,0.0,0.0,0.0,0.0,0.0,-5.0,5.0,-42.0,0.0,0.0,0.0,0.0,0.0,0.0,0.0,0.0,26,2018
2018-07-08,0.0,0.0,0.0,0.0,0.0,0.0,0.0,0.0,0.0,0.0,-5.0,0.0,0.0,0.0,0.0,0.0,0.0,0.0,0.0,27,2018
2018-07-15,0.0,0.0,0.0,0.0,0.0,0.0,0.0,0.0,0.0,0.0,0.0,0.0,0.0,0.0,0.0,0.0,0.0,0.0,0.0,28,2018
2018-07-22,0.0,0.0,0.0,0.0,0.0,0.0,0.0,0.0,0.0,0.0,0.0,0.0,0.0,0.0,0.0,0.0,0.0,0.0,0.0,29,2018
2018-07-29,0.0,0.0,0.0,0.0,0.0,0.0,0.0,0.0,0.0,0.0,0.0,0.0,0.0,0.0,0.0,0.0,0.0,0.0,0.0,30,2018
2018-08-05,0.0,0.0,0.0,0.0,0.0,0.0,0.0,0.0,0.0,0.0,0.0,0.0,0.0,0.0,0.0,0.0,0.0,0.0,0.0,31,2018
2018-08-12,0.0,0.0,0.0,0.0,0.0,0.0,0.0,0.0,0.0,0.0,0.0,0.0,0.0,0.0,0.0,0.0,0.0,0.0,0.0,32,2018
2018-08-19,0.0,0.0,0.0,0.0,0.0,0.0,0.0,0.0,0.0,0.0,0.0,0.0,0.0,0.0,0.0,0.0,0.0,0.0,0.0,33,2018
2018-08-26,0.0,0.0,0.0,0.0,0.0,0.0,0.0,0.0,0.0,0.0,0.0,0.0,0.0,0.0,0.0,0.0,0.0,0.0,0.0,34,2018
2018-09-02,0.0,0.0,0.0,0.0,0.0,0.0,0.0,0.0,0.0,0.0,0.0,0.0,0.0,0.0,0.0,0.0,0.0,0.0,0.0,35,2018
2018-09-09,0.0,0.0,0.0,0.0,0.0,0.0,0.0,0.0,0.0,0.0,0.0,1.0,1.0,0.0,0.0,0.0,0.0,0.0,0.0,36,2018
2018-09-16,0.0,0.0,0.0,0.0,0.0,0.0,0.0,0.0,0.0,0.0,0.0,0.0,-1.0,1.0,1.0,0.0,0.0,0.0,0.0,37,2018
2018-09-23,3.0,0.0,0.0,0.0,0.0,0.0,0.0,0.0,0.0,0.0,0.0,3.0,3.0,0.0,-1.0,1.0,1.0,1.0,1.0,38,2018
2018-09-30,81.0,3.0,3.0,0.0,0.0,0.0,0.0,0.0,0.0,0.0,0.0,19.0,16.0,3.0,3.0,0.0,-1.0,0.0,-1.0,39,2018
2018-10-07,153.0,81.0,78.0,3.0,3.0,0.0,0.0,0.0,0.0,0.0,0.0,63.0,44.0,19.0,16.0,3.0,3.0,3.0,3.0,40,2018
2018-10-14,338.0,153.0,72.0,81.0,78.0,3.0,3.0,0.0,0.0,0.0,0.0,363.0,300.0,63.0,44.0,19.0,16.0,19.0,16.0,41,2018
2018-10-21,347.0,338.0,185.0,153.0,72.0,81.0,78.0,3.0,3.0,0.0,0.0,302.0,-61.0,363.0,300.0,63.0,44.0,63.0,44.0,42,2018
2018-10-28,291.0,347.0,9.0,338.0,185.0,153.0,72.0,81.0,78.0,3.0,3.0,213.0,-89.0,302.0,-61.0,363.0,300.0,363.0,300.0,43,2018
2018-11-04,163.0,291.0,-56.0,347.0,9.0,338.0,185.0,153.0,72.0,81.0,78.0,116.0,-97.0,213.0,-89.0,302.0,-61.0,302.0,-61.0,44,2018
2018-11-11,97.0,163.0,-128.0,291.0,-56.0,347.0,9.0,338.0,185.0,153.0,72.0,55.0,-61.0,116.0,-97.0,213.0,-89.0,213.0,-89.0,45,2018
2018-11-18,12.0,97.0,-66.0,163.0,-128.0,291.0,-56.0,347.0,9.0,338.0,185.0,26.0,-29.0,55.0,-61.0,116.0,-97.0,116.0,-97.0,46,2018
2018-11-25,12.0,12.0,-85.0,97.0,-66.0,163.0,-128.0,291.0,-56.0,347.0,9.0,54.0,28.0,26.0,-29.0,55.0,-61.0,55.0,-61.0,47,2018
2018-12-02,3.0,12.0,0.0,12.0,-85.0,97.0,-66.0,163.0,-128.0,291.0,-56.0,67.0,13.0,54.0,28.0,26.0,-29.0,26.0,-29.0,48,2018
2018-12-09,2.0,3.0,-9.0,12.0,0.0,12.0,-85.0,97.0,-66.0,163.0,-128.0,27.0,-40.0,67.0,13.0,54.0,28.0,54.0,28.0,49,2018
2018-12-16,5.0,2.0,-1.0,3.0,-9.0,12.0,0.0,12.0,-85.0,97.0,-66.0,13.0,-14.0,27.0,-40.0,67.0,13.0,67.0,13.0,50,2018
2018-12-23,0.0,5.0,3.0,2.0,-1.0,3.0,-9.0,12.0,0.0,12.0,-85.0,92.0,79.0,13.0,-14.0,27.0,-40.0,27.0,-40.0,51,2018
2018-12-30,8.0,0.0,-5.0,5.0,3.0,2.0,-1.0,3.0,-9.0,12.0,0.0,10.0,-82.0,92.0,79.0,13.0,-14.0,13.0,-14.0,52,2018
2019-02-24,2.0,0.0,0.0,0.0,-1.0,1.0,-3.0,4.0,4.0,0.0,-21.0,31.0,-26.0,57.0,55.0,2.0,-26.0,2.0,-26.0,8,2019
2019-03-03,4.0,2.0,2.0,0.0,0.0,0.0,-1.0,1.0,-3.0,4.0,4.0,62.0,31.0,31.0,-26.0,57.0,55.0,57.0,55.0,9,2019
2019-03-10,5.0,4.0,2.0,2.0,2.0,0.0,0.0,0.0,-1.0,1.0,-3.0,5.0,-57.0,62.0,31.0,31.0,-26.0,31.0,-26.0,10,2019
2019-03-17,0.0,5.0,1.0,4.0,2.0,2.0,2.0,0.0,0.0,0.0,-1.0,1.0,-4.0,5.0,-57.0,62.0,31.0,62.0,31.0,11,2019
2019-03-24,3.0,0.0,-5.0,5.0,1.0,4.0,2.0,2.0,2.0,0.0,0.0,10.0,9.0,1.0,-4.0,5.0,-57.0,5.0,-57.0,12,2019
2019-03-31,3.0,3.0,3.0,0.0,-5.0,5.0,1.0,4.0,2.0,2.0,2.0,79.0,69.0,10.0,9.0,1.0,-4.0,1.0,-4.0,13,2019
2019-04-07,2.0,3.0,0.0,3.0,3.0,0.0,-5.0,5.0,1.0,4.0,2.0,21.0,-58.0,79.0,69.0,10.0,9.0,10.0,9.0,14,2019
2019-04-14,7.0,2.0,-1.0,3.0,0.0,3.0,3.0,0.0,-5.0,5.0,1.0,183.0,162.0,21.0,-58.0,79.0,69.0,79.0,69.0,15,2019
2019-04-21,173.0,7.0,5.0,2.0,-1.0,3.0,0.0,3.0,3.0,0.0,-5.0,185.0,2.0,183.0,162.0,21.0,-58.0,21.0,-58.0,16,2019
2019-04-28,155.0,173.0,166.0,7.0,5.0,2.0,-1.0,3.0,0.0,3.0,3.0,123.0,-62.0,185.0,2.0,183.0,162.0,183.0,162.0,17,2019
2019-05-05,119.0,155.0,-18.0,173.0,166.0,7.0,5.0,2.0,-1.0,3.0,0.0,698.0,575.0,123.0,-62.0,185.0,2.0,185.0,2.0,18,2019
2019-05-12,221.0,119.0,-36.0,155.0,-18.0,173.0,166.0,7.0,5.0,2.0,-1.0,420.0,-278.0,698.0,575.0,123.0,-62.0,123.0,-62.0,19,2019
2019-05-19,518.0,221.0,102.0,119.0,-36.0,155.0,-18.0,173.0,166.0,7.0,5.0,47.0,-373.0,420.0,-278.0,698.0,575.0,698.0,575.0,20,2019
2019-05-26,219.0,518.0,297.0,221.0,102.0,119.0,-36.0,155.0,-18.0,173.0,166.0,5.0,-42.0,47.0,-373.0,420.0,-278.0,420.0,-278.0,21,2019
2019-06-02,5.0,219.0,-299.0,518.0,297.0,221.0,102.0,119.0,-36.0,155.0,-18.0,0.0,-5.0,5.0,-42.0,47.0,-373.0,47.0,-373.0,22,2019
2019-06-09,0.0,5.0,-214.0,219.0,-299.0,518.0,297.0,221.0,102.0,119.0,-36.0,0.0,0.0,0.0,-5.0,5.0,-42.0,5.0,-42.0,23,2019
2019-06-16,0.0,0.0,-5.0,5.0,-214.0,219.0,-299.0,518.0,297.0,221.0,102.0,0.0,0.0,0.0,0.0,0.0,-5.0,0.0,-5.0,24,2019
2019-06-23,0.0,0.0,0.0,0.0,-5.0,5.0,-214.0,219.0,-299.0,518.0,297.0,0.0,0.0,0.0,0.0,0.0,0.0,0.0,0.0,25,2019
2019-06-30,0.0,0.0,0.0,0.0,0.0,0.0,-5.0,5.0,-214.0,219.0,-299.0,0.0,0.0,0.0,0.0,0.0,0.0,0.0,0.0,26,2019
2019-07-07,0.0,0.0,0.0,0.0,0.0,0.0,0.0,0.0,-5.0,5.0,-214.0,0.0,0.0,0.0,0.0,0.0,0.0,0.0,0.0,27,2019
2019-07-14,0.0,0.0,0.0,0.0,0.0,0.0,0.0,0.0,0.0,0.0,-5.0,0.0,0.0,0.0,0.0,0.0,0.0,0.0,0.0,28,2019
2019-07-21,0.0,0.0,0.0,0.0,0.0,0.0,0.0,0.0,0.0,0.0,0.0,0.0,0.0,0.0,0.0,0.0,0.0,0.0,0.0,29,2019
2019-07-28,0.0,0.0,0.0,0.0,0.0,0.0,0.0,0.0,0.0,0.0,0.0,0.0,0.0,0.0,0.0,0.0,0.0,0.0,0.0,30,2019
2019-08-04,0.0,0.0,0.0,0.0,0.0,0.0,0.0,0.0,0.0,0.0,0.0,0.0,0.0,0.0,0.0,0.0,0.0,0.0,0.0,31,2019
2019-08-11,0.0,0.0,0.0,0.0,0.0,0.0,0.0,0.0,0.0,0.0,0.0,0.0,0.0,0.0,0.0,0.0,0.0,0.0,0.0,32,2019
2019-08-18,0.0,0.0,0.0,0.0,0.0,0.0,0.0,0.0,0.0,0.0,0.0,0.0,0.0,0.0,0.0,0.0,0.0,0.0,0.0,33,2019
2019-08-25,0.0,0.0,0.0,0.0,0.0,0.0,0.0,0.0,0.0,0.0,0.0,0.0,0.0,0.0,0.0,0.0,0.0,0.0,0.0,34,2019
2019-09-01,0.0,0.0,0.0,0.0,0.0,0.0,0.0,0.0,0.0,0.0,0.0,0.0,0.0,0.0,0.0,0.0,0.0,0.0,0.0,35,2019
2019-09-08,0.0,0.0,0.0,0.0,0.0,0.0,0.0,0.0,0.0,0.0,0.0,0.0,0.0,0.0,0.0,0.0,0.0,0.0,0.0,36,2019
2019-09-15,0.0,0.0,0.0,0.0,0.0,0.0,0.0,0.0,0.0,0.0,0.0,0.0,0.0,0.0,0.0,0.0,0.0,0.0,0.0,37,2019
2019-09-22,0.0,0.0,0.0,0.0,0.0,0.0,0.0,0.0,0.0,0.0,0.0,3.0,3.0,0.0,0.0,0.0,0.0,0.0,0.0,38,2019
2019-09-29,6.0,0.0,0.0,0.0,0.0,0.0,0.0,0.0,0.0,0.0,0.0,81.0,78.0,3.0,3.0,0.0,0.0,0.0,0.0,39,2019
2019-10-06,3.0,6.0,6.0,0.0,0.0,0.0,0.0,0.0,0.0,0.0,0.0,153.0,72.0,81.0,78.0,3.0,3.0,3.0,3.0,40,2019
2019-10-13,74.0,3.0,-3.0,6.0,6.0,0.0,0.0,0.0,0.0,0.0,0.0,338.0,185.0,153.0,72.0,81.0,78.0,81.0,78.0,41,2019
2019-10-20,392.0,74.0,71.0,3.0,-3.0,6.0,6.0,0.0,0.0,0.0,0.0,347.0,9.0,338.0,185.0,153.0,72.0,153.0,72.0,42,2019
2019-10-27,354.0,392.0,318.0,74.0,71.0,3.0,-3.0,6.0,6.0,0.0,0.0,291.0,-56.0,347.0,9.0,338.0,185.0,338.0,185.0,43,2019
2019-11-03,441.0,354.0,-38.0,392.0,318.0,74.0,71.0,3.0,-3.0,6.0,6.0,163.0,-128.0,291.0,-56.0,347.0,9.0,347.0,9.0,44,2019
2019-11-10,167.0,441.0,87.0,354.0,-38.0,392.0,318.0,74.0,71.0,3.0,-3.0,97.0,-66.0,163.0,-128.0,291.0,-56.0,291.0,-56.0,45,2019
2019-11-17,83.0,167.0,-274.0,441.0,87.0,354.0,-38.0,392.0,318.0,74.0,71.0,12.0,-85.0,97.0,-66.0,163.0,-128.0,163.0,-128.0,46,2019
2019-11-24,28.0,83.0,-84.0,167.0,-274.0,441.0,87.0,354.0,-38.0,392.0,318.0,12.0,0.0,12.0,-85.0,97.0,-66.0,97.0,-66.0,47,2019
2019-12-01,9.0,28.0,-55.0,83.0,-84.0,167.0,-274.0,441.0,87.0,354.0,-38.0,3.0,-9.0,12.0,0.0,12.0,-85.0,12.0,-85.0,48,2019
2019-12-08,2.0,9.0,-19.0,28.0,-55.0,83.0,-84.0,167.0,-274.0,441.0,87.0,2.0,-1.0,3.0,-9.0,12.0,0.0,12.0,0.0,49,2019
2019-12-15,6.0,2.0,-7.0,9.0,-19.0,28.0,-55.0,83.0,-84.0,167.0,-274.0,5.0,3.0,2.0,-1.0,3.0,-9.0,3.0,-9.0,50,2019
2019-12-22,15.0,6.0,4.0,2.0,-7.0,9.0,-19.0,28.0,-55.0,83.0,-84.0,0.0,-5.0,5.0,3.0,2.0,-1.0,2.0,-1.0,51,2019
2019-12-29,12.0,15.0,9.0,6.0,4.0,2.0,-7.0,9.0,-19.0,28.0,-55.0,8.0,8.0,0.0,-5.0,5.0,3.0,5.0,3.0,52,2019
2020-02-02,12.0,20.0,4.0,16.0,2.0,14.0,-26.0,40.0,28.0,12.0,-3.0,1.0,-3.0,4.0,4.0,0.0,-21.0,0.0,-21.0,5,2020
2020-02-09,4.0,12.0,-8.0,20.0,4.0,16.0,2.0,14.0,-26.0,40.0,28.0,0.0,-1.0,1.0,-3.0,4.0,4.0,4.0,4.0,6,2020
2020-02-16,18.0,4.0,-8.0,12.0,-8.0,20.0,4.0,16.0,2.0,14.0,-26.0,0.0,0.0,0.0,-1.0,1.0,-3.0,1.0,-3.0,7,2020
2020-02-23,2.0,18.0,14.0,4.0,-8.0,12.0,-8.0,20.0,4.0,16.0,2.0,2.0,2.0,0.0,0.0,0.0,-1.0,0.0,-1.0,8,2020
2020-03-01,1.0,2.0,-16.0,18.0,14.0,4.0,-8.0,12.0,-8.0,20.0,4.0,4.0,2.0,2.0,2.0,0.0,0.0,0.0,0.0,9,2020
2020-03-08,22.0,1.0,-1.0,2.0,-16.0,18.0,14.0,4.0,-8.0,12.0,-8.0,5.0,1.0,4.0,2.0,2.0,2.0,2.0,2.0,10,2020
2020-03-15,25.0,22.0,21.0,1.0,-1.0,2.0,-16.0,18.0,14.0,4.0,-8.0,0.0,-5.0,5.0,1.0,4.0,2.0,4.0,2.0,11,2020
2020-03-22,3.0,25.0,3.0,22.0,21.0,1.0,-1.0,2.0,-16.0,18.0,14.0,3.0,3.0,0.0,-5.0,5.0,1.0,5.0,1.0,12,2020
2020-03-29,19.0,3.0,-22.0,25.0,3.0,22.0,21.0,1.0,-1.0,2.0,-16.0,3.0,0.0,3.0,3.0,0.0,-5.0,0.0,-5.0,13,2020
2020-04-05,6.0,19.0,16.0,3.0,-22.0,25.0,3.0,22.0,21.0,1.0,-1.0,2.0,-1.0,3.0,0.0,3.0,3.0,3.0,3.0,14,2020
2020-04-12,14.0,6.0,-13.0,19.0,16.0,3.0,-22.0,25.0,3.0,22.0,21.0,7.0,5.0,2.0,-1.0,3.0,0.0,3.0,0.0,15,2020
2020-04-19,54.0,14.0,8.0,6.0,-13.0,19.0,16.0,3.0,-22.0,25.0,3.0,173.0,166.0,7.0,5.0,2.0,-1.0,2.0,-1.0,16,2020
2020-04-26,223.0,54.0,40.0,14.0,8.0,6.0,-13.0,19.0,16.0,3.0,-22.0,155.0,-18.0,173.0,166.0,7.0,5.0,7.0,5.0,17,2020
2020-05-03,273.0,223.0,169.0,54.0,40.0,14.0,8.0,6.0,-13.0,19.0,16.0,119.0,-36.0,155.0,-18.0,173.0,166.0,173.0,166.0,18,2020
2020-05-10,380.0,273.0,50.0,223.0,169.0,54.0,40.0,14.0,8.0,6.0,-13.0,221.0,102.0,119.0,-36.0,155.0,-18.0,155.0,-18.0,19,2020
2020-05-17,344.0,380.0,107.0,273.0,50.0,223.0,169.0,54.0,40.0,14.0,8.0,518.0,297.0,221.0,102.0,119.0,-36.0,119.0,-36.0,20,2020
2020-05-24,437.5,344.0,-36.0,380.0,107.0,273.0,50.0,223.0,169.0,54.0,40.0,219.0,-299.0,518.0,297.0,221.0,102.0,221.0,102.0,21,2020
2020-05-31,26.0,437.5,93.5,344.0,-36.0,380.0,107.0,273.0,50.0,223.0,169.0,5.0,-214.0,219.0,-299.0,518.0,297.0,518.0,297.0,22,2020
2020-06-07,0.0,26.0,-411.5,437.5,93.5,344.0,-36.0,380.0,107.0,273.0,50.0,0.0,-5.0,5.0,-214.0,219.0,-299.0,219.0,-299.0,23,2020
2020-06-14,0.0,0.0,-26.0,26.0,-411.5,437.5,93.5,344.0,-36.0,380.0,107.0,0.0,0.0,0.0,-5.0,5.0,-214.0,5.0,-214.0,24,2020
2020-06-21,0.0,0.0,0.0,0.0,-26.0,26.0,-411.5,437.5,93.5,344.0,-36.0,0.0,0.0,0.0,0.0,0.0,-5.0,0.0,-5.0,25,2020
2020-06-28,0.0,0.0,0.0,0.0,0.0,0.0,-26.0,26.0,-411.5,437.5,93.5,0.0,0.0,0.0,0.0,0.0,0.0,0.0,0.0,26,2020
2020-07-05,0.0,0.0,0.0,0.0,0.0,0.0,0.0,0.0,-26.0,26.0,-411.5,0.0,0.0,0.0,0.0,0.0,0.0,0.0,0.0,27,2020
2020-07-12,0.0,0.0,0.0,0.0,0.0,0.0,0.0,0.0,0.0,0.0,-26.0,0.0,0.0,0.0,0.0,0.0,0.0,0.0,0.0,28,2020
2020-07-19,0.0,0.0,0.0,0.0,0.0,0.0,0.0,0.0,0.0,0.0,0.0,0.0,0.0,0.0,0.0,0.0,0.0,0.0,0.0,29,2020
2020-07-26,0.0,0.0,0.0,0.0,0.0,0.0,0.0,0.0,0.0,0.0,0.0,0.0,0.0,0.0,0.0,0.0,0.0,0.0,0.0,30,2020
2020-08-02,0.0,0.0,0.0,0.0,0.0,0.0,0.0,0.0,0.0,0.0,0.0,0.0,0.0,0.0,0.0,0.0,0.0,0.0,0.0,31,2020
2020-08-09,0.0,0.0,0.0,0.0,0.0,0.0,0.0,0.0,0.0,0.0,0.0,0.0,0.0,0.0,0.0,0.0,0.0,0.0,0.0,32,2020
2020-08-16,0.0,0.0,0.0,0.0,0.0,0.0,0.0,0.0,0.0,0.0,0.0,0.0,0.0,0.0,0.0,0.0,0.0,0.0,0.0,33,2020
2020-08-23,0.0,0.0,0.0,0.0,0.0,0.0,0.0,0.0,0.0,0.0,0.0,0.0,0.0,0.0,0.0,0.0,0.0,0.0,0.0,34,2020
2020-08-30,0.0,0.0,0.0,0.0,0.0,0.0,0.0,0.0,0.0,0.0,0.0,0.0,0.0,0.0,0.0,0.0,0.0,0.0,0.0,35,2020
2020-09-06,0.0,0.0,0.0,0.0,0.0,0.0,0.0,0.0,0.0,0.0,0.0,0.0,0.0,0.0,0.0,0.0,0.0,0.0,0.0,36,2020
2020-09-13,0.0,0.0,0.0,0.0,0.0,0.0,0.0,0.0,0.0,0.0,0.0,0.0,0.0,0.0,0.0,0.0,0.0,0.0,0.0,37,2020
2020-09-20,0.0,0.0,0.0,0.0,0.0,0.0,0.0,0.0,0.0,0.0,0.0,0.0,0.0,0.0,0.0,0.0,0.0,0.0,0.0,38,2020
2020-09-27,3.0,0.0,0.0,0.0,0.0,0.0,0.0,0.0,0.0,0.0,0.0,6.0,6.0,0.0,0.0,0.0,0.0,0.0,0.0,39,2020
2020-10-04,65.0,3.0,3.0,0.0,0.0,0.0,0.0,0.0,0.0,0.0,0.0,3.0,-3.0,6.0,6.0,0.0,0.0,0.0,0.0,40,2020
2020-10-11,212.0,65.0,62.0,3.0,3.0,0.0,0.0,0.0,0.0,0.0,0.0,74.0,71.0,3.0,-3.0,6.0,6.0,6.0,6.0,41,2020
2020-10-18,523.0,212.0,147.0,65.0,62.0,3.0,3.0,0.0,0.0,0.0,0.0,392.0,318.0,74.0,71.0,3.0,-3.0,3.0,-3.0,42,2020
2020-10-25,416.0,523.0,311.0,212.0,147.0,65.0,62.0,3.0,3.0,0.0,0.0,354.0,-38.0,392.0,318.0,74.0,71.0,74.0,71.0,43,2020
2020-11-01,530.0,416.0,-107.0,523.0,311.0,212.0,147.0,65.0,62.0,3.0,3.0,441.0,87.0,354.0,-38.0,392.0,318.0,392.0,318.0,44,2020
2020-11-08,262.0,530.0,114.0,416.0,-107.0,523.0,311.0,212.0,147.0,65.0,62.0,167.0,-274.0,441.0,87.0,354.0,-38.0,354.0,-38.0,45,2020
2020-11-15,207.0,262.0,-268.0,530.0,114.0,416.0,-107.0,523.0,311.0,212.0,147.0,83.0,-84.0,167.0,-274.0,441.0,87.0,441.0,87.0,46,2020
2020-11-22,19.0,207.0,-55.0,262.0,-268.0,530.0,114.0,416.0,-107.0,523.0,311.0,28.0,-55.0,83.0,-84.0,167.0,-274.0,167.0,-274.0,47,2020
2020-11-29,12.0,19.0,-188.0,207.0,-55.0,262.0,-268.0,530.0,114.0,416.0,-107.0,9.0,-19.0,28.0,-55.0,83.0,-84.0,83.0,-84.0,48,2020
2020-12-06,34.0,12.0,-7.0,19.0,-188.0,207.0,-55.0,262.0,-268.0,530.0,114.0,2.0,-7.0,9.0,-19.0,28.0,-55.0,28.0,-55.0,49,2020
2020-12-13,2.0,34.0,22.0,12.0,-7.0,19.0,-188.0,207.0,-55.0,262.0,-268.0,6.0,4.0,2.0,-7.0,9.0,-19.0,9.0,-19.0,50,2020
2020-12-20,7.0,2.0,-32.0,34.0,22.0,12.0,-7.0,19.0,-188.0,207.0,-55.0,15.0,9.0,6.0,4.0,2.0,-7.0,2.0,-7.0,51,2020
2020-12-27,3.0,7.0,5.0,2.0,-32.0,34.0,22.0,12.0,-7.0,19.0,-188.0,12.0,-3.0,15.0,9.0,6.0,4.0,6.0,4.0,52,2020
2021-01-03,0.0,3.0,-4.0,7.0,5.0,2.0,-32.0,34.0,22.0,12.0,-7.0,40.0,28.0,12.0,-3.0,15.0,9.0,15.0,9.0,53,2021
2021-01-10,5.0,0.0,-3.0,3.0,-4.0,7.0,5.0,2.0,-32.0,34.0,22.0,14.0,-26.0,40.0,28.0,12.0,-3.0,12.0,-3.0,1,2021
2021-01-17,12.0,5.0,5.0,0.0,-3.0,3.0,-4.0,7.0,5.0,2.0,-32.0,16.0,2.0,14.0,-26.0,40.0,28.0,40.0,28.0,2,2021
2021-01-24,21.0,12.0,7.0,5.0,5.0,0.0,-3.0,3.0,-4.0,7.0,5.0,20.0,4.0,16.0,2.0,14.0,-26.0,14.0,-26.0,3,2021
2021-01-31,3.0,21.0,9.0,12.0,7.0,5.0,5.0,0.0,-3.0,3.0,-4.0,12.0,-8.0,20.0,4.0,16.0,2.0,16.0,2.0,4,2021
2021-02-07,0.0,3.0,-18.0,21.0,9.0,12.0,7.0,5.0,5.0,0.0,-3.0,4.0,-8.0,12.0,-8.0,20.0,4.0,20.0,4.0,5,2021
2021-02-14,3.0,0.0,-3.0,3.0,-18.0,21.0,9.0,12.0,7.0,5.0,5.0,18.0,14.0,4.0,-8.0,12.0,-8.0,12.0,-8.0,6,2021
2021-02-21,1.0,3.0,3.0,0.0,-3.0,3.0,-18.0,21.0,9.0,12.0,7.0,2.0,-16.0,18.0,14.0,4.0,-8.0,4.0,-8.0,7,2021
2021-02-28,1.0,1.0,-2.0,3.0,3.0,0.0,-3.0,3.0,-18.0,21.0,9.0,1.0,-1.0,2.0,-16.0,18.0,14.0,18.0,14.0,8,2021
2021-03-07,2.0,1.0,0.0,1.0,-2.0,3.0,3.0,0.0,-3.0,3.0,-18.0,22.0,21.0,1.0,-1.0,2.0,-16.0,2.0,-16.0,9,2021
2021-03-14,7.0,2.0,1.0,1.0,0.0,1.0,-2.0,3.0,3.0,0.0,-3.0,25.0,3.0,22.0,21.0,1.0,-1.0,1.0,-1.0,10,2021
2021-03-21,11.0,7.0,5.0,2.0,1.0,1.0,0.0,1.0,-2.0,3.0,3.0,3.0,-22.0,25.0,3.0,22.0,21.0,22.0,21.0,11,2021
2021-03-28,3.0,11.0,4.0,7.0,5.0,2.0,1.0,1.0,0.0,1.0,-2.0,19.0,16.0,3.0,-22.0,25.0,3.0,25.0,3.0,12,2021
2021-04-04,2.0,3.0,-8.0,11.0,4.0,7.0,5.0,2.0,1.0,1.0,0.0,6.0,-13.0,19.0,16.0,3.0,-22.0,3.0,-22.0,13,2021
2021-04-11,62.5,2.0,-1.0,3.0,-8.0,11.0,4.0,7.0,5.0,2.0,1.0,14.0,8.0,6.0,-13.0,19.0,16.0,19.0,16.0,14,2021
2021-04-18,158.0,62.5,60.5,2.0,-1.0,3.0,-8.0,11.0,4.0,7.0,5.0,54.0,40.0,14.0,8.0,6.0,-13.0,6.0,-13.0,15,2021
2021-04-25,370.0,158.0,95.5,62.5,60.5,2.0,-1.0,3.0,-8.0,11.0,4.0,223.0,169.0,54.0,40.0,14.0,8.0,14.0,8.0,16,2021
2021-05-02,543.0,370.0,212.0,158.0,95.5,62.5,60.5,2.0,-1.0,3.0,-8.0,273.0,50.0,223.0,169.0,54.0,40.0,54.0,40.0,17,2021
2021-05-09,505.5,543.0,173.0,370.0,212.0,158.0,95.5,62.5,60.5,2.0,-1.0,380.0,107.0,273.0,50.0,223.0,169.0,223.0,169.0,18,2021
2021-05-16,377.0,505.5,-37.5,543.0,173.0,370.0,212.0,158.0,95.5,62.5,60.5,344.0,-36.0,380.0,107.0,273.0,50.0,273.0,50.0,19,2021
2021-05-23,11.0,377.0,-128.5,505.5,-37.5,543.0,173.0,370.0,212.0,158.0,95.5,437.5,93.5,344.0,-36.0,380.0,107.0,380.0,107.0,20,2021
2021-05-30,0.0,11.0,-366.0,377.0,-128.5,505.5,-37.5,543.0,173.0,370.0,212.0,26.0,-411.5,437.5,93.5,344.0,-36.0,344.0,-36.0,21,2021
2021-06-06,0.0,0.0,-11.0,11.0,-366.0,377.0,-128.5,505.5,-37.5,543.0,173.0,0.0,-26.0,26.0,-411.5,437.5,93.5,437.5,93.5,22,2021
2021-06-13,0.0,0.0,0.0,0.0,-11.0,11.0,-366.0,377.0,-128.5,505.5,-37.5,0.0,0.0,0.0,-26.0,26.0,-411.5,26.0,-411.5,23,2021
2021-06-20,0.0,0.0,0.0,0.0,0.0,0.0,-11.0,11.0,-366.0,377.0,-128.5,0.0,0.0,0.0,0.0,0.0,-26.0,0.0,-26.0,24,2021
2021-06-27,0.0,0.0,0.0,0.0,0.0,0.0,0.0,0.0,-11.0,11.0,-366.0,0.0,0.0,0.0,0.0,0.0,0.0,0.0,0.0,25,2021
